实体类型,候选名称,首次出现年份,出现次数,置信度,证据条目
事件,全民族抗日战争,1937,3,medium,中共中央北方局在太原组建新的领导机关。全民族抗日战争时期，中共中央还成立(或重新成立)了北方分局、晋察冀分局、太行分局、
事件,中国抗日战争,1945,2,medium,毛泽东发表《对日寇的最后一战》的声明。随后，朱德发布七道全面反攻命令。中国抗日战争进入全面反攻阶段。
事件,土地革命战争,1927,2,medium,中共中央成立南方局，重新成立北方局。土地革命战争时期，中共中央还成立了长江局、苏区中央局、苏区中央分局、湘鄂西中央分局、
事件,整风运动,1942,2,medium,上旬　毛泽东先后作《整顿学风党风文风》(后改为《整顿党的作风》)和《反对党八股》的讲演，提出反对主观主义以整顿学风、反对
事件,七七事变,1937,1,high,日本侵略军发动卢沟桥事变(七七事变)，当地中国驻军奋起抵抗。8日，中共中央向全国发出通电，指出：“平津危急！华北危急！中
事件,三大主力红军胜利会师,1936,1,high,红一、红四方面军在甘肃会宁会师。22日，红一、红二方面军在甘肃隆德将台堡(今属宁夏西吉)会师。至此，三大主力红军胜利会师
事件,世界反法西斯战争,1945,1,medium,日本代表在投降书上签字。侵华日军128万人向中国投降。至此，中国抗日战争胜利结束，世界反法西斯战争也胜利结束。9月3日成
事件,中国人民在抗日战争,1945,1,medium,日本代表在投降书上签字。侵华日军128万人向中国投降。至此，中国抗日战争胜利结束，世界反法西斯战争也胜利结束。9月3日成
事件,中国的反侵略战争,1938,1,medium,毛泽东作《论持久战》的长篇讲演，指出：日本是帝国主义强国，中国是半殖民地半封建弱国；日本的侵略战争是退步的、野蛮的，中国
事件,中国的正义战争,1938,1,medium,毛泽东作《论持久战》的长篇讲演，指出：日本是帝国主义强国，中国是半殖民地半封建弱国；日本的侵略战争是退步的、野蛮的，中国
事件,中央红军主力长征,1934,1,medium,中央红军主力长征后，中共中央决定成立以项英为首的苏区中央分局和中央军区、以陈毅为主任的中华苏维埃共和国中央政府办事处，领
事件,中央红军从长征,1934,1,medium,下旬-12月初　中央红军连续突破国民党军三道封锁线，在突破第四道封锁线的湘江战役中遭受重大损失。渡过湘江后，中央红军从长
事件,中央通报中国革命战争,1949,1,medium,刘少奇率中共代表团秘密访问苏联，会见联共(布)领导人斯大林、莫洛托夫、马林科夫、米高扬等，向联共(布)中央通报中国革命战
事件,于江西宁都起义,1931,1,high,国民党第二十六路军1.7万余人在赵博生、董振堂、季振同、黄中岳率领下，于江西宁都起义。随后改编为红军第五军团，季振同任总
事件,充分发挥人民战争,1941,1,medium,随着苏德战争爆发，日本侵略者决意加紧对华作战，中国战场成为世界反法西斯战争的东方主战场。日军对各抗日根据地特别是华北抗日
事件,关于加强人民体育运动,1952,1,medium,毛泽东为中华全国体育总会成立大会题词“发展体育运动，增强人民体质”。1954年1月8日，中共中央批转中央人民政府体育运动
事件,关于国际共产主义运动,1963,1,medium,中共中央发表《关于国际共产主义运动总路线的建议》。9月6日至1964年7月14日，又连续发表总称为《关于国际共产主义运动
事件,关于整风运动,1957,1,medium,中共中央发出《关于整风运动的指示》。以正确处理人民内部矛盾为主题，以反对官僚主义、宗派主义和主观主义为主要内容的整风运动
事件,农业生产互助合作运动,1951,1,medium,中共中央召开全国第一次互助合作会议。会议通过《关于农业生产互助合作的决议(草案)》。会后，农业生产互助合作运动很快开展起
事件,南方游击战争,1934,1,medium,中央红军主力长征后，中共中央决定成立以项英为首的苏区中央分局和中央军区、以陈毅为主任的中华苏维埃共和国中央政府办事处，领
事件,南昌起义,1927,1,high,在以周恩来为书记的中共中央前敌委员会领导下，贺龙、叶挺、朱德、刘伯承等率领党所掌握和影响的军队两万余人，在江西南昌打响武
事件,发展体育运动,1952,1,medium,毛泽东为中华全国体育总会成立大会题词“发展体育运动，增强人民体质”。1954年1月8日，中共中央批转中央人民政府体育运动
事件,发起渡江战役,1949,1,high,毛泽东、朱德发布《向全国进军的命令》。20日夜至21日，由刘伯承、陈毅、邓小平、粟裕、谭震林组成的总前敌委员会(邓小平为
事件,取消长征,1935,1,medium,中央政治局在贵州遵义召开扩大会议，集中解决当时具有决定意义的军事和组织问题。会议增选毛泽东为中央政治局常委，委托张闻天起
事件,周恩来任起义,1926,1,high,-翌年3月　中共中央和上海区委组织上海工人连续举行三次武装起义。1927年3月21日，第三次武装起义在陈独秀、罗亦农、赵
事件,多名农民运动,1924,1,medium,国共合作举办的农民运动讲习所在广州正式开学。到1926年9月，在共产党人彭湃、毛泽东等相继主持下，广州农民运动讲习所连续
事件,太平洋战争,1941,1,medium,太平洋战争爆发第二天，中国共产党发表宣言，倡导建立太平洋一切抗日民族的统一战线。1942年1月1日，中、美、英、苏等26
事件,失败和长征,1935,1,medium,中央政治局在贵州遵义召开扩大会议，集中解决当时具有决定意义的军事和组织问题。会议增选毛泽东为中央政治局常委，委托张闻天起
事件,学生运动,1947,1,medium,南京、上海、苏州、杭州学生5000余名走上南京街头，举行“挽救教育危机联合大游行”，高呼“反饥饿”、“反内战”等口号，遭
事件,届冬季奥林匹克运动,2015,1,medium,国际奥委会第128次全会在马来西亚吉隆坡投票决定，北京获得第24届冬季奥林匹克运动会举办权。
事件,平津三大战役,1948,1,high,-翌年1月31日　林彪、罗荣桓、聂荣臻等率东北野战军和华北军区第二、第三兵团以及华北、东北军区地方部队进行平津战役。华北
事件,广州农民运动,1924,1,medium,国共合作举办的农民运动讲习所在广州正式开学。到1926年9月，在共产党人彭湃、毛泽东等相继主持下，广州农民运动讲习所连续
事件,延安整风运动,1944,1,medium,-翌年4月20日　中共扩大的六届七中全会在延安召开。全会通过毛泽东为中央委员会主席的提议，原则通过《关于若干历史问题的决
事件,开始长征,1934,1,medium,中旬　中共中央、中革军委率中央红军主力等进行战略转移，开始长征。11月中旬至1935年11月中旬，红二十五军，红四方面军
事件,我们这一代人的长征,2016,1,medium,纪念红军长征胜利80周年大会召开。习近平讲话指出，每一代人有每一代人的长征路，每一代人都要走好自己的长征路。我们这一代人
事件,抗美援朝战争,1950,1,medium,上旬　应朝鲜党和政府的请求，中共中央作出抗美援朝、保家卫国的战略决策。10月8日，毛泽东发布命令，组成中国人民志愿军，彭
事件,新时代中国青年运动,2019,1,medium,纪念五四运动100周年大会召开。习近平讲话指出，新时代中国青年运动的主题，新时代中国青年运动的方向，新时代中国青年的使命
事件,日本的侵略战争,1938,1,low,毛泽东作《论持久战》的长篇讲演，指出：日本是帝国主义强国，中国是半殖民地半封建弱国；日本的侵略战争是退步的、野蛮的，中国
事件,日本的非正义战争,1938,1,low,毛泽东作《论持久战》的长篇讲演，指出：日本是帝国主义强国，中国是半殖民地半封建弱国；日本的侵略战争是退步的、野蛮的，中国
事件,明确党在抗日战争,1937,1,medium,中共中央先后召开党的苏区代表会议和党的白区代表会议，进一步总结历史经验，明确党在抗日战争时期的任务。
事件,正确分析抗日战争,1938,1,medium,中共扩大的六届六中全会在延安召开。全会首次提出马克思主义中国化的命题，重申个人服从组织、少数服从多数、下级服从上级、全党
事件,湖南农民运动,1927,1,medium,毛泽东发表《湖南农民运动考察报告》。
事件,知识分子思想改造运动,1951,1,medium,周恩来在北京、天津高等学校教师学习会上作《关于知识分子的改造问题》报告。11月30日，中共中央发出《关于在学校中进行思想
事件,第三次武装起义,1926,1,high,-翌年3月　中共中央和上海区委组织上海工人连续举行三次武装起义。1927年3月21日，第三次武装起义在陈独秀、罗亦农、赵
事件,第十一届亚洲运动,1990,1,medium,第十一届亚洲运动会在北京举行。这是中国首次承办的综合性国际体育大赛。
事件,红二十七军会师,1935,1,high,中旬　红二十五军到达陕甘革命根据地，同当地的红二十六、红二十七军会师，合编为红十五军团，徐海东任军团长，程子华任政治委员
事件,红六军团长征,1936,1,medium,下旬-7月初　红二、红六军团长征抵达四川甘孜地区，与红四方面军会合。7月5日，红军第二方面军成立，贺龙任总指挥，任弼时任
事件,纪念中国人民抗日战争,2015,1,medium,纪念中国人民抗日战争暨世界反法西斯战争胜利70周年大会和阅兵仪式举行。习近平检阅受阅部队并发表讲话，宣布中国将裁减军队员
事件,纪念五四运动,2019,1,medium,纪念五四运动100周年大会召开。习近平讲话指出，新时代中国青年运动的主题，新时代中国青年运动的方向，新时代中国青年的使命
事件,纪念红军长征,2016,1,medium,纪念红军长征胜利80周年大会召开。习近平讲话指出，每一代人有每一代人的长征路，每一代人都要走好自己的长征路。我们这一代人
事件,经不起长期战争,1938,1,medium,毛泽东作《论持久战》的长篇讲演，指出：日本是帝国主义强国，中国是半殖民地半封建弱国；日本的侵略战争是退步的、野蛮的，中国
事件,经过谈判,1936,1,medium,张学良、杨虎城发动西安事变，扣留蒋介石。中共中央确定和平解决事变的方针，并派周恩来、博古、叶剑英等前往西安。经过谈判，迫
事件,群众性的扫盲运动,1949,1,medium,第一次全国教育工作会议召开。会议提出教育必须为国家建设服务，学校必须为工农开门。1950年9月，第一次全国工农教育会议召
事件,群众运动,1943,1,medium,陕甘宁边区政府作出《关于拥护军队的决定》。25日，八路军留守兵团司令部、政治部作出《关于拥护政府爱护人民的决定》。在中共
事件,能够支持长期战争,1938,1,medium,毛泽东作《论持久战》的长篇讲演，指出：日本是帝国主义强国，中国是半殖民地半封建弱国；日本的侵略战争是退步的、野蛮的，中国
事件,要大力弘扬伟大长征,2016,1,medium,纪念红军长征胜利80周年大会召开。习近平讲话指出，每一代人有每一代人的长征路，每一代人都要走好自己的长征路。我们这一代人
事件,解放军遂发起渡江战役,1949,1,high,以周恩来为首的中共代表团同国民党政府代表团在北平进行和平谈判。经过协商，中共代表团于15日提出《国内和平协定》(最后修正
事件,解放战争,1945,1,medium,中共晋冀鲁豫中央局成立。解放战争时期，中共中央还成立(或重新成立)了晋察冀中央局、冀热辽分局、冀察热辽分局、东北局、北满
事件,运动中抓住重大典,1951,1,high,中共中央作出《关于实行精兵简政、增产节约、反对贪污、反对浪费和反对官僚主义的决定》。“三反”运动在全国展开，到1952年
事件,重庆谈判,1945,1,medium,毛泽东、周恩来、王若飞赴重庆与国民党代表进行和平谈判(重庆谈判)。10月10日，国共双方签署《政府与中共代表会谈纪要》(
事件,重点研究战争,1981,1,medium,全军高级干部集训，重点研究战争初期方面军防御战役的组织与实施。其间，北京军区部队和空军部队在华北地区组织方面军防御战役演
事件,长征铸就了伟大的长征,1936,1,medium,红一、红四方面军在甘肃会宁会师。22日，红一、红二方面军在甘肃隆德将台堡(今属宁夏西吉)会师。至此，三大主力红军胜利会师
事件,随着苏德战争,1941,1,medium,随着苏德战争爆发，日本侵略者决意加紧对华作战，中国战场成为世界反法西斯战争的东方主战场。日军对各抗日根据地特别是华北抗日
会议,中央政治局会议,1927,12,low,中国共产党第五次全国代表大会在武汉举行。出席大会的代表82人，代表全国57967名党员。大会选举产生中央委员会和党的历史
会议,国务院常务会议,1994,6,low,国务院常务会议通过《中国21世纪议程》，确定实施可持续发展战略。
会议,中央工作会议,1961,4,medium,中央工作会议在广州召开。会议讨论并通过《农村人民公社工作条例(草案)》(“农业六十条”)，对农村政策进行调整。随后，工业
会议,中央军委扩大会议,1993,2,medium,中央军委扩大会议制定新时期积极防御的军事战略方针，要求把军事斗争准备的基点放在打赢现代技术特别是高技术条件下的局部战争上
会议,中央外事工作会议,2014,2,medium,中央外事工作会议召开。习近平讲话强调，中国必须有自己特色的大国外交。要高举和平、发展、合作、共赢的旗帜，统筹国内国际两个
会议,中央政法工作会议,2014,2,medium,中央政法工作会议召开。习近平讲话强调，要把维护社会大局稳定作为基本任务，把促进社会公平正义作为核心价值追求，把保障人民安
会议,中央经济工作会议,2015,2,medium,中央经济工作会议召开。习近平讲话强调，推进供给侧结构性改革，是适应和引领经济发展新常态的重大创新。要实行宏观政策要稳、产
会议,全国组织工作会议,2013,2,medium,全国组织工作会议召开。习近平明确提出信念坚定、为民服务、勤政务实、敢于担当、清正廉洁的好干部标准。
会议,三人会议,1946,1,medium,上旬　中共代表周恩来同国民党政府代表张群(后为张治中等)和奉命来华“调处”国共争端的美国总统特使马歇尔(后曾由吉伦接替)
会议,中共八大二次会议,1958,1,medium,中共八大二次会议召开。会议正式通过“鼓足干劲、力争上游、多快好省地建设社会主义”总路线。会后，“大跃进”运动在全国展开。
会议,中国共产党第一次全国代表大会,1921,1,high,中国共产党第一次全国代表大会在上海法租界望志路106号(今兴业路76号)开幕。最后一天的会议转移到浙江嘉兴南湖的游船上举
会议,中国共产党第七次全国代表大会,1945,1,high,中国共产党第七次全国代表大会在延安举行。出席大会的正式代表547人，候补代表208人，代表全国121万党员。毛泽东致开幕
会议,中国共产党第三次全国代表大会,1923,1,high,中国共产党第三次全国代表大会在广州举行。出席大会的代表30多人，代表全国420名党员。大会决定共产党员以个人身份加入国民
会议,中国共产党第九次全国代表大会,1969,1,high,中国共产党第九次全国代表大会举行。出席大会的代表1512人，当时全国共有党员约2200万名。大会肯定了“无产阶级专政下继
会议,中国共产党第二次全国代表大会,1922,1,high,中国共产党第二次全国代表大会在上海举行。出席大会的代表12人，代表全国195名党员。大会第一次提出明确的反帝反封建的民主
会议,中国共产党第五次全国代表大会,1927,1,high,中国共产党第五次全国代表大会在武汉举行。出席大会的代表82人，代表全国57967名党员。大会选举产生中央委员会和党的历史
会议,中国共产党第八次全国代表大会,1956,1,high,中国共产党第八次全国代表大会举行。大会正式代表1026人，候补代表107人，代表全国1073万党员。毛泽东致开幕词，刘少
会议,中国共产党第六次全国代表大会,1928,1,high,中国共产党第六次全国代表大会在苏联莫斯科近郊举行。出席大会的代表142人，其中有选举权的正式代表84人。大会指出，中国仍
会议,中国共产党第十一次全国代表大会,1977,1,high,中国共产党第十一次全国代表大会举行。出席大会的代表1510人，代表全国3500多万名党员。大会宣告“文化大革命”已经结束
会议,中国共产党第十七次全国代表大会,2007,1,high,中国共产党第十七次全国代表大会举行。大会正式代表2213人，特邀代表57人，代表全国7300多万党员。大会通过的报告《高
会议,中国共产党第十三次全国代表大会,1987,1,high,中国共产党第十三次全国代表大会举行。大会正式代表1936人，特邀代表61人，代表全国4600多万党员。大会通过的报告《沿
会议,中国共产党第十九次全国代表大会,2017,1,high,中国共产党第十九次全国代表大会举行。大会正式代表2280人，特邀代表74人，代表全国8900多万党员。大会通过的报告《决
会议,中国共产党第十二次全国代表大会,1982,1,high,中国共产党第十二次全国代表大会举行。大会正式代表1600人，候补代表149人，代表全国3900多万党员。邓小平在致开幕词
会议,中国共产党第十五次全国代表大会,1997,1,high,中国共产党第十五次全国代表大会举行。大会正式代表2048人，特邀代表60人，代表全国5800多万党员。大会通过的报告《高
会议,中国共产党第十八次全国代表大会,2012,1,high,中国共产党第十八次全国代表大会举行。大会正式代表2268人，特邀代表57人，代表全国8200多万党员。大会通过的报告《坚
会议,中国共产党第十六次全国代表大会,2002,1,high,中国共产党第十六次全国代表大会举行。大会正式代表2114人，特邀代表40人，代表全国6600多万党员。大会通过的报告《全
会议,中国共产党第十四次全国代表大会,1992,1,high,中国共产党第十四次全国代表大会举行。大会正式代表1989人，特邀代表46人，代表全国5100多万党员。大会通过的报告《加
会议,中国共产党第十次全国代表大会,1973,1,high,中国共产党第十次全国代表大会举行。出席大会的代表1249人，当时全国共有党员2800万名。十大继续肯定九大的政治路线和组
会议,中国共产党第四次全国代表大会,1925,1,high,中国共产党第四次全国代表大会在上海举行。出席大会的代表20人，代表全国994名党员。大会提出无产阶级在民主革命中的领导权
会议,中央城市工作会议,2015,1,medium,中央城市工作会议召开。习近平讲话强调，要坚持人民城市为人民，尊重城市发展规律，在统筹上下功夫，在重点上求突破，着力提高城
会议,中央政协工作会议,2019,1,medium,中央政协工作会议暨庆祝中国人民政治协商会议成立70周年大会召开。习近平讲话强调，新时代加强和改进人民政协工作，要把坚持和
会议,中央统战工作会议,2015,1,medium,中央统战工作会议召开。习近平讲话强调，要巩固和发展最广泛的爱国统一战线，为实现“两个一百年”奋斗目标、实现中华民族伟大复
会议,全军政治工作会议,2014,1,medium,全军政治工作会议在福建古田召开。10月31日，习近平在讲话中阐明新的历史条件下党从思想上政治上建设军队的重大问题。12月
会议,全国农村工作会议,1982,1,medium,中共中央批转《全国农村工作会议纪要》，肯定包产到户等各种生产责任制都是社会主义集体经济的生产责任制。1982年至1986
会议,全国卫生工作会议,1996,1,medium,全国卫生工作会议召开。1997年1月15日，中共中央、国务院作出《关于卫生改革与发展的决定》。
会议,全国土地会议,1947,1,medium,全国土地会议在河北建屏西柏坡(今属平山)召开。会议由刘少奇主持，制定《中国土地法大纲》。10月10日，中央批准发布。《中
会议,全国林业计划会议,1998,1,medium,全国林业计划会议宣布，从1998年起，国家将实施以调减木材产量、保护资源、分流人员、提高效益为主要内容的国有林区天然林保
会议,全国金融工作会议,2017,1,medium,全国金融工作会议召开。会议决定设立国务院金融稳定发展委员会。会议围绕服务实体经济、防控金融风险、深化金融改革“三位一体”
会议,八七会议,1927,1,medium,中共中央在湖北汉口召开紧急会议(八七会议)。会议着重批评了大革命后期以陈独秀为首的中央所犯的右倾机会主义错误，确定了土地
会议,关于亚非会议,1955,1,medium,周恩来在一届全国人大常委会第十五次扩大会议上作《关于亚非会议的报告》，指出，中国人民愿意在可能的条件下，争取用和平的方式
会议,十二月会议,1947,1,medium,中共中央在陕北米脂杨家沟召开扩大会议(十二月会议)。会议通过毛泽东提交的《目前形势和我们的任务》书面报告。报告阐明党的最
会议,古田会议,1929,1,medium,红四军党的第九次代表大会(古田会议)在福建上杭古田召开。毛泽东当选为中共红四军前敌委员会书记。会议根据中央九月来信精神，
会议,拥政爱民工作会议,1991,1,medium,全国拥军优属、拥政爱民工作会议在福建福州召开。会议命名表彰了首批全国双拥模范城(县)。
会议,政治协商会议,1946,1,medium,政治协商会议在重庆召开。国民党、共产党、民主同盟、青年党和无党派人士代表参加，通过政府组织案、国民大会案、和平建国纲领、
会议,政治局会议,1928,1,medium,中共六届一中全会选举产生中央政治局和中央政治局常务委员会。20日，政治局会议选举向忠发为中央政治局主席和中央政治局常务委
会议,最后一天的会议,1921,1,medium,中国共产党第一次全国代表大会在上海法租界望志路106号(今兴业路76号)开幕。最后一天的会议转移到浙江嘉兴南湖的游船上举
会议,毛泽东在会议,1956,1,medium,中共中央召开关于知识分子问题的会议。周恩来代表中共中央作《关于知识分子问题的报告》，充分肯定知识分子在社会主义建设中的作
会议,洛川会议,1937,1,medium,中共中央在陕北洛川召开政治局扩大会议(洛川会议)。会议指出，必须坚持统一战线中无产阶级的领导权，在敌人后方放手发动独立自
会议,福建两省会议,1979,1,medium,中共中央、国务院批转广东省委、福建省委关于对外经济活动实行特殊政策和灵活措施的两个报告，决定先在深圳、珠海试办出口特区。
会议,第一次郑州会议,1958,1,medium,毛泽东在河南郑州召集中央工作会议(第一次郑州会议)。到1959年7月，中共中央相继召开中共八届六中全会、第二次郑州会议、
会议,第二次郑州会议,1958,1,medium,毛泽东在河南郑州召集中央工作会议(第一次郑州会议)。到1959年7月，中共中央相继召开中共八届六中全会、第二次郑州会议、
会议,遵义会议,1935,1,medium,中央政治局在贵州遵义召开扩大会议，集中解决当时具有决定意义的军事和组织问题。会议增选毛泽东为中央政治局常委，委托张闻天起
会议,邓小平在会议,1978,1,medium,全国科学大会召开。邓小平在会议开幕词中强调科学技术是生产力，指出为社会主义服务的脑力劳动者是劳动人民的一部分。会议制定了
地点,南非,2013,1,low,习近平对俄罗斯、坦桑尼亚、南非、刚果共和国进行国事访问，并出席在南非举行的金砖国家领导人第五次会晤。23日，在俄罗斯莫斯
地点,赞比亚,1967,1,medium,中国政府和坦桑尼亚、赞比亚两国政府在北京签订关于修建坦桑尼亚-赞比亚铁路的协定。1976年7月14日，坦赞铁路竣工，交接
文献,中国共产党章程(修正案),1992,5,medium,中国共产党第十四次全国代表大会举行。大会正式代表1989人，特邀代表46人，代表全国5100多万党员。大会通过的报告《加
文献,人民日报,1948,4,low,《人民日报》创刊。1949年8月正式成为中共中央机关报。
文献,中国人民政治协商会议章程,1954,3,medium,全国政协二届一次会议举行。周恩来作政治报告，指出，由于一届全国人大一次会议已经召开，政协代行全国人大职权的政权机关的作用
文献,告台湾同胞书,1979,3,medium,全国人大常委会发表《告台湾同胞书》，郑重宣示争取祖国和平统一的大政方针。同日，国防部长徐向前发表声明，即日起停止自195
文献,中华人民共和国宪法,1954,2,medium,一届全国人大一次会议举行。会议通过《中华人民共和国宪法》；选举毛泽东为国家主席，刘少奇为全国人大常委会委员长；决定周恩来
文献,中华人民共和国宪法修正案,1993,2,medium,八届全国人大一次会议举行。会议通过的《中华人民共和国宪法修正案》肯定中国正处于社会主义初级阶段，国家实行社会主义市场经济
文献,中华人民共和国环境保护法,1979,2,medium,五届全国人大常委会第十一次会议原则通过《中华人民共和国环境保护法(试行)》。1983年12月31日，第二次全国环境保护会
文献,中国共产党党员权利保障条例,1995,2,medium,中共中央印发《中国共产党党员权利保障条例(试行)》。2004年9月22日，中共中央印发《中国共产党党员权利保障条例》。
文献,中国共产党章程,1956,2,medium,中国共产党第八次全国代表大会举行。大会正式代表1026人，候补代表107人，代表全国1073万党员。毛泽东致开幕词，刘少
文献,党政领导干部选拔任用工作条例,1995,2,medium,中共中央印发《党政领导干部选拔任用工作暂行条例》。2002年7月9日，中共中央印发《党政领导干部选拔任用工作条例》。
文献,关于党内政治生活的若干准则,1980,2,medium,中共十一届五中全会召开。全会通过《关于党内政治生活的若干准则》。
文献,列宁全集,1955,2,medium,《列宁全集》中文第一版第一卷出版。到1963年2月，共39卷陆续出版。
文献,国务院机构改革和职能转变方案,2013,2,medium,中共十八届二中全会召开。全会通过《国务院机构改革和职能转变方案》。
文献,毛泽东选集,1951,2,medium,《毛泽东选集》第一卷出版。第二至第四卷分别于1952年、1953年、1960年出版。
文献,联合声明,1954,2,medium,29日　周恩来在访问印度、缅甸期间，分别与印度总理尼赫鲁和缅甸总理吴努发表《联合声明》，共同倡导和平共处五项原则。此前，
文献,马克思恩格斯全集,1956,2,medium,《马克思恩格斯全集》中文第一版第一卷出版。到1985年12月，共50卷陆续出版。
文献,1956年到1967年全国农业发展纲要(草案),1956,1,medium,中央政治局提出《1956年到1967年全国农业发展纲要(草案)》。后经多次变动和修改，1960年4月正式通过并公布。
文献,1978-1985年全国科学技术发展规划纲要(草案),1978,1,medium,全国科学大会召开。邓小平在会议开幕词中强调科学技术是生产力，指出为社会主义服务的脑力劳动者是劳动人民的一部分。会议制定了
文献,“九五”期间军队建设计划纲要,1995,1,medium,中央军委扩大会议通过《“九五”期间军队建设计划纲要》，提出实施科技强军战略。
文献,“健康中国2030”规划纲要,2016,1,medium,全国卫生与健康大会召开。习近平讲话强调，要把人民健康放在优先发展的战略地位，加快推进健康中国建设，努力全方位、全周期保障
文献,〈共产党人〉发刊词,1939,1,medium,毛泽东发表《〈共产党人〉发刊词》，指出统一战线、武装斗争、党的建设是中国共产党在中国革命中战胜敌人的三个法宝，并把党的建
文献,〈内地与澳门关于建立更紧密经贸关系的安排〉服务贸易协议,2015,1,medium,28日　《〈内地与香港关于建立更紧密经贸关系的安排〉服务贸易协议》、《〈内地与澳门关于建立更紧密经贸关系的安排〉服务贸易
文献,〈内地与香港关于建立更紧密经贸关系的安排〉服务贸易协议,2015,1,medium,28日　《〈内地与香港关于建立更紧密经贸关系的安排〉服务贸易协议》、《〈内地与澳门关于建立更紧密经贸关系的安排〉服务贸易
文献,上海合作组织成立宣言,2001,1,medium,中国、俄罗斯、哈萨克斯坦、吉尔吉斯斯坦、塔吉克斯坦、乌兹别克斯坦六国元首共同签署《上海合作组织成立宣言》，在中国、俄罗斯
文献,不要四面出击,1950,1,medium,中共七届三中全会召开。毛泽东提交《为争取国家财政经济状况的基本好转而斗争》书面报告，并发表《不要四面出击》讲话。
文献,丝绸之路经济带和21世纪海上丝绸之路建设战略规划,2014,1,medium,中共中央、国务院印发《丝绸之路经济带和21世纪海上丝绸之路建设战略规划》。2015年3月28日，经国务院授权，国家发展改
文献,丢掉幻想，准备斗争,1949,1,medium,毛泽东连续为新华社撰写《丢掉幻想，准备斗争》等五篇评论，揭露美国对华政策的帝国主义本质，批评国内一部分人对帝国主义不切实
文献,中共中央为公布国共合作宣言,1937,1,medium,《中共中央为公布国共合作宣言》由国民党中央通讯社发表。23日，蒋介石发表实际上承认共产党合法地位的谈话。中共中央的宣言和
文献,中共中央为抗战两周年纪念对时局宣言,1939,1,medium,《中共中央为抗战两周年纪念对时局宣言》发表，提出坚持抗战、反对投降，坚持团结、反对分裂，坚持进步、反对倒退三大政治口号。
文献,中共中央关于目前形势与党的任务的决定,1937,1,medium,中共中央在陕北洛川召开政治局扩大会议(洛川会议)。会议指出，必须坚持统一战线中无产阶级的领导权，在敌人后方放手发动独立自
文献,中共中央政治局关于加强和维护党中央集中统一领导的若干规定,2017,1,medium,中央政治局会议审议通过《中共中央政治局关于加强和维护党中央集中统一领导的若干规定》，指出，中央政治局要带头树立“四个意识
文献,中华人民共和国专属经济区和大陆架法,1998,1,medium,九届全国人大常委会第三次会议通过《中华人民共和国专属经济区和大陆架法》。
文献,中华人民共和国中外合作经营企业法,1988,1,medium,七届全国人大一次会议举行。会议决定设立海南省、建立海南经济特区；批准国务院机构改革方案，此后第一次对各部门进行“定职能、
文献,中华人民共和国中外合资经营企业法,1979,1,medium,五届全国人大二次会议通过《关于修正〈中华人民共和国宪法〉若干规定的决议》和《中华人民共和国刑法》、《中华人民共和国刑事诉
文献,中华人民共和国中央人民政府组织法,1949,1,medium,中国人民政治协商会议第一届全体会议在北平举行。出席会议的代表共662人。会议通过起临时宪法作用的《中国人民政治协商会议共
文献,中华人民共和国主席特赦令,1959,1,medium,刘少奇签署发布《中华人民共和国主席特赦令》，首批特赦已改恶从善的蒋介石集团和伪满洲国的战争罪犯等。到1975年3月，共分
文献,中华人民共和国义务教育法,1986,1,medium,六届全国人大四次会议通过《中华人民共和国民法通则》、《中华人民共和国义务教育法》和《中华人民共和国外资企业法》。
文献,中华人民共和国乡村振兴促进法,2021,1,medium,十三届全国人大常委会第二十八次会议通过《中华人民共和国乡村振兴促进法》。
文献,中华人民共和国人口与计划生育法,2013,1,medium,中共中央、国务院印发《关于调整完善生育政策的意见》，提出单独两孩的政策。2015年12月31日，中共中央、国务院作出《关
文献,中华人民共和国企业所得税法,2007,1,medium,十届全国人大五次会议通过《中华人民共和国物权法》和《中华人民共和国企业所得税法》。
文献,中华人民共和国全国人民代表大会及地方各级人民代表大会选举法,1953,1,medium,《中华人民共和国全国人民代表大会及地方各级人民代表大会选举法》公布施行。经过一年多的工作，全国进行基层选举的单位为21.
文献,中华人民共和国公共文化服务保障法,2016,1,medium,十二届全国人大常委会第二十五次会议通过《中华人民共和国公共文化服务保障法》。
文献,中华人民共和国公务员法,2005,1,medium,十届全国人大常委会第十五次会议通过《中华人民共和国公务员法》。2018年12月29日，十三届全国人大常委会第七次会议通过
文献,中华人民共和国兵役法,1955,1,medium,一届全国人大二次会议通过《中华人民共和国兵役法》。人民解放军由志愿兵役制改为义务兵役制。此前，自1955年1月起，人民解
文献,中华人民共和国农业税条例,2005,1,medium,十届全国人大常委会第十九次会议决定，自2006年1月1日起废止《中华人民共和国农业税条例》。在中国延续两千多年的农业税正
文献,中华人民共和国刑事诉讼法,1979,1,medium,五届全国人大二次会议通过《关于修正〈中华人民共和国宪法〉若干规定的决议》和《中华人民共和国刑法》、《中华人民共和国刑事诉
文献,中华人民共和国刑法,1979,1,medium,五届全国人大二次会议通过《关于修正〈中华人民共和国宪法〉若干规定的决议》和《中华人民共和国刑法》、《中华人民共和国刑事诉
文献,中华人民共和国劳动法,1994,1,medium,八届全国人大常委会第八次会议通过《中华人民共和国劳动法》。
文献,中华人民共和国反垄断法,2007,1,medium,十届全国人大常委会第二十九次会议通过《中华人民共和国反垄断法》和《中华人民共和国就业促进法》。
文献,中华人民共和国和缅甸联邦之间的友好和互不侵犯条约,1960,1,medium,中缅两国签订《中华人民共和国政府和缅甸联邦政府关于两国边界问题的协定》、《中华人民共和国和缅甸联邦之间的友好和互不侵犯条
文献,中华人民共和国和缅甸联邦边界条约,1960,1,medium,中缅两国签订《中华人民共和国政府和缅甸联邦政府关于两国边界问题的协定》、《中华人民共和国和缅甸联邦之间的友好和互不侵犯条
文献,中华人民共和国和美利坚合众国联合公报,1982,1,medium,中美两国政府就分步骤直到最后彻底解决美国向台湾出售武器问题发表《中华人民共和国和美利坚合众国联合公报》(八一七公报)。
文献,中华人民共和国国家安全法,2015,1,medium,十二届全国人大常委会第十五次会议通过《中华人民共和国国家安全法》。
文献,中华人民共和国国防法,1997,1,medium,八届全国人大五次会议通过《中华人民共和国国防法》等；决定批准设立重庆直辖市，撤销原重庆市。
文献,中华人民共和国土地改革法,1950,1,medium,《中华人民共和国土地改革法》公布施行。到1952年底，除一部分少数民族地区外，土地改革在中国大陆基本完成，封建土地所有制
文献,中华人民共和国城市居民委员会组织法,1989,1,medium,七届全国人大常委会第十一次会议通过《中华人民共和国城市居民委员会组织法》。
文献,中华人民共和国外商投资法,2019,1,medium,十三届全国人大二次会议通过《中华人民共和国外商投资法》。12月26日，国务院公布《中华人民共和国外商投资法实施条例》。
文献,中华人民共和国外商投资法实施条例,2019,1,medium,十三届全国人大二次会议通过《中华人民共和国外商投资法》。12月26日，国务院公布《中华人民共和国外商投资法实施条例》。
文献,中华人民共和国外资企业法,1986,1,medium,六届全国人大四次会议通过《中华人民共和国民法通则》、《中华人民共和国义务教育法》和《中华人民共和国外资企业法》。
文献,中华人民共和国就业促进法,2007,1,medium,十届全国人大常委会第二十九次会议通过《中华人民共和国反垄断法》和《中华人民共和国就业促进法》。
文献,中华人民共和国工会法,1950,1,medium,《中华人民共和国工会法》公布施行。
文献,中华人民共和国市场主体登记管理条例,2021,1,medium,国务院常务会议通过《中华人民共和国市场主体登记管理条例》。近年来通过推进商事制度等改革，市场主体不断培育壮大，登记在册的
文献,中华人民共和国惩治贪污条例,1952,1,medium,《中华人民共和国惩治贪污条例》公布施行。
文献,中华人民共和国政府关于在南海的领土主权和海洋权益的声明,2016,1,medium,中国发表《中华人民共和国政府关于在南海的领土主权和海洋权益的声明》。
文献,中华人民共和国政府和缅甸联邦政府关于两国边界问题的协定,1960,1,medium,中缅两国签订《中华人民共和国政府和缅甸联邦政府关于两国边界问题的协定》、《中华人民共和国和缅甸联邦之间的友好和互不侵犯条
文献,中华人民共和国政府和葡萄牙共和国政府关于澳门问题的联合声明,1987,1,medium,中葡两国政府在北京正式签署《中华人民共和国政府和葡萄牙共和国政府关于澳门问题的联合声明》，确认中国政府于1999年12月
文献,中华人民共和国教育法,1995,1,medium,八届全国人大三次会议通过《中华人民共和国教育法》。
文献,中华人民共和国村民委员会组织法,1987,1,medium,六届全国人大常委会第二十三次会议通过《中华人民共和国村民委员会组织法(试行)》。1998年11月4日，九届全国人大常委会
文献,中华人民共和国村民委员会组织法(试行),1987,1,medium,六届全国人大常委会第二十三次会议通过《中华人民共和国村民委员会组织法(试行)》。1998年11月4日，九届全国人大常委会
文献,中华人民共和国民族区域自治实施纲要,1952,1,medium,《中华人民共和国民族区域自治实施纲要》公布施行，对民族自治地方的建立、自治机关的组成和自治权利等重要问题作出明确规定。此
文献,中华人民共和国民族区域自治法,1984,1,medium,六届全国人大二次会议通过《中华人民共和国民族区域自治法》。2001年2月28日，九届全国人大常委会第二十次会议通过《关于
文献,中华人民共和国民法典,2020,1,medium,十三届全国人大三次会议通过《中华人民共和国民法典》和《关于建立健全香港特别行政区维护国家安全的法律制度和执行机制的决定》
文献,中华人民共和国民法通则,1986,1,medium,六届全国人大四次会议通过《中华人民共和国民法通则》、《中华人民共和国义务教育法》和《中华人民共和国外资企业法》。
文献,中华人民共和国澳门特别行政区基本法,1993,1,medium,八届全国人大一次会议举行。会议通过的《中华人民共和国宪法修正案》肯定中国正处于社会主义初级阶段，国家实行社会主义市场经济
文献,中华人民共和国物权法,2007,1,medium,十届全国人大五次会议通过《中华人民共和国物权法》和《中华人民共和国企业所得税法》。
文献,中华人民共和国环境保护法(试行),1979,1,medium,五届全国人大常委会第十一次会议原则通过《中华人民共和国环境保护法(试行)》。1983年12月31日，第二次全国环境保护会
文献,中华人民共和国监察法,2018,1,medium,十三届全国人大一次会议举行。会议选举习近平为国家主席、国家中央军委主席，栗战书为全国人大常委会委员长，决定李克强为国务院
文献,中华人民共和国立法法,2000,1,medium,九届全国人大三次会议通过《中华人民共和国立法法》。2015年3月15日，十二届全国人大三次会议通过《关于修改〈中华人民共
文献,中华人民共和国网络安全法,2016,1,medium,十二届全国人大常委会第二十四次会议通过《中华人民共和国网络安全法》。
文献,中华人民共和国英雄烈士保护法,2018,1,medium,十三届全国人大常委会第二次会议通过《中华人民共和国英雄烈士保护法》。
文献,中华人民共和国长江保护法,2020,1,medium,十三届全国人大常委会第二十四次会议通过《中华人民共和国长江保护法》。这是首部全国性流域立法。
文献,中华人民共和国非物质文化遗产法,2011,1,medium,十一届全国人大常委会第十九次会议通过《中华人民共和国非物质文化遗产法》。
文献,中华人民共和国预算法,1994,1,medium,八届全国人大二次会议通过《中华人民共和国预算法》。
文献,中华人民共和国领海及毗连区法,1992,1,medium,七届全国人大常委会第二十四次会议通过《中华人民共和国领海及毗连区法》。
文献,中华人民共和国食品安全法,2009,1,medium,十一届全国人大常委会第七次会议通过《中华人民共和国食品安全法》。
文献,中华人民共和国香港特别行政区基本法,1990,1,medium,七届全国人大三次会议举行。会议通过《中华人民共和国香港特别行政区基本法》、《关于〈中华人民共和国香港特别行政区基本法〉的
文献,中华人民共和国香港特别行政区维护国家安全法,2020,1,medium,十三届全国人大常委会第二十次会议通过《中华人民共和国香港特别行政区维护国家安全法》。
文献,中国21世纪议程,1994,1,medium,国务院常务会议通过《中国21世纪议程》，确定实施可持续发展战略。
文献,中国三江源国家公园体制试点方案,2015,1,medium,中央全面深化改革领导小组第19次会议审议通过《中国三江源国家公园体制试点方案》。此后，中央又先后批准大熊猫国家公园、东北
文献,中国人民政治协商会议共同纲领,1949,1,medium,中国人民政治协商会议第一届全体会议在北平举行。出席会议的代表共662人。会议通过起临时宪法作用的《中国人民政治协商会议共
文献,中国人民政治协商会议组织法,1949,1,medium,中国人民政治协商会议第一届全体会议在北平举行。出席会议的代表共662人。会议通过起临时宪法作用的《中国人民政治协商会议共
文献,中国人民解放军军官军衔条例,1988,1,medium,七届全国人大常委会第二次会议通过《中国人民解放军军官军衔条例》，人民解放军实行新的军衔制。
文献,中国人民解放军政治工作条例(草案),1954,1,medium,中共中央、中央人民政府人民革命军事委员会颁布新中国成立后第一部《中国人民解放军政治工作条例(草案)》。
文献,中国人民解放军文职人员条例,2005,1,medium,国务院、中央军委公布《中国人民解放军文职人员条例》，决定在全军实行文职人员制度。
文献,中国共产党中央委员会关于无产阶级文化大革命的决定,1966,1,medium,中央政治局扩大会议召开。会议通过“五一六通知”。8月，中共八届十一中全会通过《中国共产党中央委员会关于无产阶级文化大革命
文献,中国共产党中央委员会工作条例,2020,1,medium,中共中央印发《中国共产党中央委员会工作条例》，把“坚持党对一切工作的领导，确保党中央集中统一领导”作为中央委员会开展工作
文献,中国共产党党内监督条例,2016,1,medium,中共十八届六中全会召开。全会通过《关于新形势下党内政治生活的若干准则》和《中国共产党党内监督条例》。全会明确习近平总书记
文献,中国共产党党员权利保障条例(试行),1995,1,medium,中共中央印发《中国共产党党员权利保障条例(试行)》。2004年9月22日，中共中央印发《中国共产党党员权利保障条例》。
文献,中国共产党党员领导干部廉洁从政若干准则,1997,1,medium,中共中央印发《中国共产党党员领导干部廉洁从政若干准则(试行)》。2010年1月18日，中共中央印发《中国共产党党员领导干
文献,中国共产党党员领导干部廉洁从政若干准则(试行),1997,1,medium,中共中央印发《中国共产党党员领导干部廉洁从政若干准则(试行)》。2010年1月18日，中共中央印发《中国共产党党员领导干
文献,中国共产党党报,1922,1,medium,中共中央机关报《向导》周报创刊。党的创建和大革命时期，中共中央还创办了《新青年》、《前锋》、《中国共产党党报》等刊物。
文献,中国共产党党组工作条例(试行),2015,1,medium,中共中央印发《中国共产党党组工作条例(试行)》。2019年4月6日，该条例经修订后重新颁布。
文献,中国共产党全民所有制工业企业基层组织工作条例,1986,1,medium,中共中央、国务院印发《中国共产党全民所有制工业企业基层组织工作条例》。
文献,中国共产党农村基层组织工作条例,1999,1,medium,中共中央印发《中国共产党农村基层组织工作条例》。
文献,中国共产党农村工作条例,2019,1,medium,中共中央印发《中国共产党农村工作条例》。
文献,中国共产党历史,1991,1,medium,8月　经中央党史领导小组批准，由中央党史研究室编写的《中国共产党历史》上卷和《中国共产党的七十年》分别出版。2002年9
文献,中国共产党地方委员会工作条例,1996,1,medium,中共中央印发《中国共产党地方委员会工作条例(试行)》。2015年12月25日，中共中央印发《中国共产党地方委员会工作条例
文献,中国共产党地方委员会工作条例(试行),1996,1,medium,中共中央印发《中国共产党地方委员会工作条例(试行)》。2015年12月25日，中共中央印发《中国共产党地方委员会工作条例
文献,中国共产党宣传工作条例,2018,1,medium,全国宣传思想工作会议召开。习近平讲话强调，中国特色社会主义进入新时代，必须把统一思想、凝聚力量作为宣传思想工作的中心环节
文献,中国共产党对于时局的主张,1922,1,medium,中共中央发表《中国共产党对于时局的主张》，指出解决时局的关键，是用革命手段打倒帝国主义和封建军阀，建立民主政治。这是中国
文献,中国共产党巡视工作条例,2013,1,medium,中央巡视工作动员暨培训会议召开。十八届中共中央共开展12轮巡视，巡视277个党组织，在党的历史上首次实现一届任期内巡视全
文献,中国共产党廉洁自律准则,2015,1,medium,中共中央印发《中国共产党廉洁自律准则》和《中国共产党纪律处分条例》。2018年8月18日，中共中央印发修订后的《中国共产
文献,中国共产党抗日救国十大纲领,1937,1,medium,中共中央在陕北洛川召开政治局扩大会议(洛川会议)。会议指出，必须坚持统一战线中无产阶级的领导权，在敌人后方放手发动独立自
文献,中国共产党支部工作条例(试行),2018,1,medium,中共中央印发《中国共产党支部工作条例(试行)》。
文献,中国共产党政法工作条例,2019,1,medium,中央政法工作会议召开。习近平讲话指出，要坚持以新时代中国特色社会主义思想为指导，坚持党对政法工作的绝对领导，坚持以人民为
文献,中国共产党普通高等学校基层组织工作条例,2021,1,medium,中共中央印发修订后的《中国共产党普通高等学校基层组织工作条例》。
文献,中国共产党的七十年,1991,1,medium,8月　经中央党史领导小组批准，由中央党史研究室编写的《中国共产党历史》上卷和《中国共产党的七十年》分别出版。2002年9
文献,中国共产党的九十年,1991,1,medium,8月　经中央党史领导小组批准，由中央党史研究室编写的《中国共产党历史》上卷和《中国共产党的七十年》分别出版。2002年9
文献,中国共产党章程修正案,1997,1,medium,中国共产党第十五次全国代表大会举行。大会正式代表2048人，特邀代表60人，代表全国5800多万党员。大会通过的报告《高
文献,中国共产党章程部分条文修正案,1987,1,medium,中国共产党第十三次全国代表大会举行。大会正式代表1936人，特邀代表61人，代表全国4600多万党员。大会通过的报告《沿
文献,中国共产党简史,2021,1,medium,党史学习教育动员大会召开。习近平讲话指出，在全党开展党史学习教育，是党中央立足党的百年历史新起点、统筹中华民族伟大复兴战
文献,中国共产党纪律处分条例,2015,1,medium,中共中央印发《中国共产党廉洁自律准则》和《中国共产党纪律处分条例》。2018年8月18日，中共中央印发修订后的《中国共产
文献,中国共产党组织工作条例,2021,1,medium,中共中央印发《中国共产党组织工作条例》。
文献,中国共产党统一战线工作条例(试行),2015,1,medium,中央统战工作会议召开。习近平讲话强调，要巩固和发展最广泛的爱国统一战线，为实现“两个一百年”奋斗目标、实现中华民族伟大复
文献,中国共产党问责条例,2016,1,medium,中共中央印发《中国共产党问责条例》。2019年9月1日起施行修订后的条例。
文献,中国农村扶贫开发纲要(2001-2010年),2001,1,medium,中央扶贫开发工作会议召开。会议指出，党中央、国务院确定的在20世纪末基本解决农村贫困人口温饱问题的战略目标已基本实现。6
文献,中国农村扶贫开发纲要(2011-2020年),2011,1,medium,中共中央、国务院印发《中国农村扶贫开发纲要(2011-2020年)》。
文献,中国土地法大纲,1947,1,medium,全国土地会议在河北建屏西柏坡(今属平山)召开。会议由刘少奇主持，制定《中国土地法大纲》。10月10日，中央批准发布。《中
文献,中国应对气候变化国家方案,2007,1,medium,国务院印发《中国应对气候变化国家方案》。这是中国第一部应对气候变化的全面的政策性文件，也是发展中国家颁布的第一部应对气候
文献,中国教育改革和发展纲要,1993,1,medium,中共中央、国务院印发《中国教育改革和发展纲要》。指出，到20世纪末，我国要实现基本普及九年义务教育，基本扫除青壮年文盲。
文献,中国教育现代化2035,2018,1,medium,全国教育大会召开。习近平讲话指出，教育是国之大计、党之大计，要坚持改革创新，以凝聚人心、完善人格、开发人力、培育人才、造
文献,中国社会各阶级的分析,1925,1,medium,毛泽东发表《中国社会各阶级的分析》。
文献,中国苏维埃政府、中国共产党中央为抗日救国告全体同胞书,1935,1,medium,中共驻共产国际代表团草拟《中国苏维埃政府、中国共产党中央为抗日救国告全体同胞书》(八一宣言)。宣言主张停止内战，组织国防
文献,中国落实2030年可持续发展议程国别方案,2018,1,medium,全国生态环境保护大会召开。习近平讲话提出新时代推进生态文明建设的原则，强调要加快构建生态文明体系。大会总结并阐述了习近平
文献,中央党内法规制定工作五年规划纲要(2013-2017年),2013,1,medium,中共中央印发《中央党内法规制定工作五年规划纲要(2013-2017年)》。编制中央党内法规制定工作五年规划，这在中国共产
文献,中央党内法规制定工作第二个五年规划(2018-2022年),2013,1,medium,中共中央印发《中央党内法规制定工作五年规划纲要(2013-2017年)》。编制中央党内法规制定工作五年规划，这在中国共产
文献,中央关于中国共产党诞生二十周年、抗战四周年纪念指示,1921,1,medium,中国共产党第一次全国代表大会在上海法租界望志路106号(今兴业路76号)开幕。最后一天的会议转移到浙江嘉兴南湖的游船上举
文献,中央关于反对敌人五次“围剿”的总结的决议,1935,1,medium,中央政治局在贵州遵义召开扩大会议，集中解决当时具有决定意义的军事和组织问题。会议增选毛泽东为中央政治局常委，委托张闻天起
文献,中央生态环境保护督察工作规定,2015,1,medium,中共中央办公厅、国务院办公厅印发《环境保护督察方案(试行)》，正式建立中央生态环境保护督察制度。2019年6月6日起，《
文献,中苏友好同盟互助条约,1950,1,medium,中国同苏联签订《中苏友好同盟互助条约》及有关协定。1949年12月至1950年2月，毛泽东对苏联进行为期两个多月的访问。
文献,中非合作论坛-北京行动计划(2007-2009年),2006,1,medium,中非合作论坛北京峰会举行。峰会通过《中非合作论坛北京峰会宣言》和《中非合作论坛-北京行动计划(2007-2009年)》。
文献,中非合作论坛-北京行动计划(2019-2021年),2018,1,medium,中非合作论坛北京峰会举行。习近平主持峰会并在开幕式上发表主旨讲话，提出中非要携手打造责任共担、合作共赢、幸福共享、文化共
文献,中非合作论坛北京峰会宣言,2006,1,medium,中非合作论坛北京峰会举行。峰会通过《中非合作论坛北京峰会宣言》和《中非合作论坛-北京行动计划(2007-2009年)》。
文献,为争取国家财政经济状况的基本好转而斗争,1950,1,medium,中共七届三中全会召开。毛泽东提交《为争取国家财政经济状况的基本好转而斗争》书面报告，并发表《不要四面出击》讲话。
文献,为人民服务,1944,1,medium,中央警备团战士张思德在陕北安塞烧木炭时牺牲。毛泽东在追悼会上发表《为人民服务》的讲演，指出：“我们为人民而死，就是死得其
文献,为促进祖国统一大业的完成而继续奋斗,1995,1,medium,江泽民发表《为促进祖国统一大业的完成而继续奋斗》讲话，提出现阶段发展两岸关系、推进祖国和平统一进程的八项主张。
文献,为准备普选进行全国人口调查登记的指示,1953,1,medium,政务院发出《为准备普选进行全国人口调查登记的指示》。以1953年6月30日24时为标准时间，全国开展人口调查登记。195
文献,为实现民族伟大复兴、推进祖国和平统一而共同奋斗,2019,1,medium,《告台湾同胞书》发表40周年纪念会召开。习近平在纪念会上发表《为实现民族伟大复兴、推进祖国和平统一而共同奋斗》讲话，阐述
文献,义勇军进行曲,1949,1,medium,中国人民政治协商会议第一届全体会议在北平举行。出席会议的代表共662人。会议通过起临时宪法作用的《中国人民政治协商会议共
文献,习近平关于实现中华民族伟大复兴的中国梦论述摘编,2013,1,medium,《习近平关于实现中华民族伟大复兴的中国梦论述摘编》出版发行。此后，围绕统筹推进“五位一体”总体布局、协调推进“四个全面”
文献,习近平新时代中国特色社会主义思想学习纲要,2019,1,medium,中共中央发出关于印发《习近平新时代中国特色社会主义思想学习纲要》的通知。
文献,习近平新时代中国特色社会主义思想学习问答,2021,1,medium,党史学习教育动员大会召开。习近平讲话指出，在全党开展党史学习教育，是党中央立足党的百年历史新起点、统筹中华民族伟大复兴战
文献,习近平谈治国理政,2014,1,medium,《习近平谈治国理政》以中、英、法、俄、阿、西、葡、德、日等多语种版面向海内外发行。2018年1月，经修订后面向海内外再版
文献,乡村振兴战略规划(2018-2022年),2018,1,medium,中共中央、国务院印发《关于实施乡村振兴战略的意见》。6月26日，中共中央、国务院印发《乡村振兴战略规划(2018-202
文献,京津冀协同发展规划纲要,2014,1,medium,习近平主持召开座谈会听取京津冀协同发展专题汇报，提出实现京津冀协同发展是一个重大国家战略。2015年6月9日，中共中央、
文献,以自卫战争粉碎蒋介石的进攻,1946,1,medium,中共中央发布《以自卫战争粉碎蒋介石的进攻》党内指示。
文献,优化营商环境条例,2019,1,medium,国务院公布《优化营商环境条例》。
文献,促进大数据发展行动纲要,2015,1,medium,国务院印发《关于促进云计算创新发展培育信息产业新业态的意见》。8月31日，国务院印发《促进大数据发展行动纲要》。
文献,保障农民工工资支付条例,2019,1,medium,国务院公布《保障农民工工资支付条例》，规范农民工工资支付行为，保障农民工按时足额获得工资。
文献,光明日报,1978,1,medium,中央党校内部刊物《理论动态》刊登《实践是检验真理的唯一标准》一文。11日，《光明日报》以特约评论员名义公开发表这篇文章，
文献,党和国家领导制度的改革,1980,1,medium,邓小平在中央政治局扩大会议上发表《党和国家领导制度的改革》讲话。指出，领导制度、组织制度问题更带有根本性、全局性、稳定性
文献,党政机关厉行节约反对浪费条例,2013,1,medium,中共中央、国务院印发《党政机关厉行节约反对浪费条例》。依据条例，党政机关经费管理、国内差旅、因公临时出国(境)、培训、公
文献,党政领导干部选拔任用工作暂行条例,1995,1,medium,中共中央印发《党政领导干部选拔任用工作暂行条例》。2002年7月9日，中共中央印发《党政领导干部选拔任用工作条例》。
文献,全国主体功能区规划,2010,1,medium,国务院印发《全国主体功能区规划》。这是新中国成立以来第一个全国性国土空间开发规划。
文献,全国农村工作会议纪要,1982,1,medium,中共中央批转《全国农村工作会议纪要》，肯定包产到户等各种生产责任制都是社会主义集体经济的生产责任制。1982年至1986
文献,全国海洋主体功能区规划,2015,1,medium,国务院印发《全国海洋主体功能区规划》。至此，我国主体功能区战略实现陆域国土空间和海域国土空间的全覆盖。
文献,全面建设小康社会，开创中国特色社会主义事业新局面,2002,1,medium,中国共产党第十六次全国代表大会举行。大会正式代表2114人，特邀代表40人，代表全国6600多万党员。大会通过的报告《全
文献,全面开创社会主义现代化建设的新局面,1982,1,medium,中国共产党第十二次全国代表大会举行。大会正式代表1600人，候补代表149人，代表全国3900多万党员。邓小平在致开幕词
文献,公务员职务与职级并行规定,2019,1,medium,中共中央办公厅印发《公务员职务与职级并行规定》。
文献,公民道德建设实施纲要,2001,1,medium,中共中央印发《公民道德建设实施纲要》，提出要把法制建设与道德建设、依法治国与以德治国紧密结合起来，逐步形成与发展社会主义
文献,共同纲领,1949,1,medium,中华人民共和国中央人民政府成立。下午2时，中央人民政府委员会召开第一次会议，一致决议接受《共同纲领》为施政纲领，任命周恩
文献,共谋绿色生活，共建美丽家园,2019,1,medium,2019年中国北京世界园艺博览会开幕式举行。习近平出席并发表《共谋绿色生活，共建美丽家园》讲话。
文献,关于1977年高等学校招生工作的意见,1977,1,medium,中央政治局会议讨论并原则批准教育部《关于1977年高等学校招生工作的意见》。12日，国务院批转了这个意见，决定从本年起，
文献,关于“左派国民党”及苏维埃口号问题决议案,1927,1,medium,中央临时政治局会议通过《关于“左派国民党”及苏维埃口号问题决议案》，决定不再打国民党的旗帜并成立苏维埃。
文献,关于〈中华人民共和国澳门特别行政区基本法〉的决定,1993,1,medium,八届全国人大一次会议举行。会议通过的《中华人民共和国宪法修正案》肯定中国正处于社会主义初级阶段，国家实行社会主义市场经济
文献,关于〈中华人民共和国香港特别行政区基本法〉的决定,1990,1,medium,七届全国人大三次会议举行。会议通过《中华人民共和国香港特别行政区基本法》、《关于〈中华人民共和国香港特别行政区基本法〉的
文献,关于严厉打击刑事犯罪活动的决定,1983,1,medium,中共中央作出《关于严厉打击刑事犯罪活动的决定》。
文献,关于严禁党政机关和党政干部经商、办企业的决定,1984,1,medium,中共中央、国务院作出《关于严禁党政机关和党政干部经商、办企业的决定》。
文献,关于严禁鸦片烟毒的通令,1949,1,medium,北京市第二届各界人民代表会议通过封闭妓院的决议。随后，全国各地相继采取行动封闭妓院。1950年2月24日，政务院发布《关
文献,关于中央党政机关干部教育工作的决定,1982,1,medium,中共中央、国务院作出《关于中央党政机关干部教育工作的决定》，要求中央党政机关的干部教育经常化、正规化、制度化。1983年
文献,关于中央机构调整及精简的决定,1943,1,medium,中央政治局会议通过《关于中央机构调整及精简的决定》，推定毛泽东为中央政治局主席，并决定毛泽东为中央书记处主席；中央书记处
文献,关于中美经贸摩擦的事实与中方立场,2018,1,medium,3月以来，针对美国政府单方面挑起的中美经贸摩擦，中国不得不采取中止关税减让义务、加征关税等反制措施，并在相互尊重、平等互
文献,关于亚非会议的报告,1955,1,medium,周恩来在一届全国人大常委会第十五次扩大会议上作《关于亚非会议的报告》，指出，中国人民愿意在可能的条件下，争取用和平的方式
文献,关于企业职工养老保险制度改革的决定,1991,1,medium,国务院作出《关于企业职工养老保险制度改革的决定》。1997年7月16日，国务院作出《关于建立统一的企业职工基本养老保险制
文献,关于优化生育政策促进人口长期均衡发展的决定,2013,1,medium,中共中央、国务院印发《关于调整完善生育政策的意见》，提出单独两孩的政策。2015年12月31日，中共中央、国务院作出《关
文献,关于促进中部地区崛起的若干意见,2006,1,medium,中共中央、国务院印发《关于促进中部地区崛起的若干意见》。
文献,关于促进云计算创新发展培育信息产业新业态的意见,2015,1,medium,国务院印发《关于促进云计算创新发展培育信息产业新业态的意见》。8月31日，国务院印发《促进大数据发展行动纲要》。
文献,关于促进小城镇健康发展的若干意见,2000,1,medium,中共中央、国务院印发《关于促进小城镇健康发展的若干意见》。
文献,关于保护和改善环境的若干规定(试行草案),1973,1,medium,国务院召开首次全国环境保护会议，制定《关于保护和改善环境的若干规定(试行草案)》。这是中国第一部环境保护的综合性法规。
文献,关于保持土地承包关系稳定并长久不变的意见,2018,1,medium,中共中央、国务院印发《关于保持土地承包关系稳定并长久不变的意见》。
文献,关于修改〈中华人民共和国全国人民代表大会组织法〉的决定,2021,1,medium,十三届全国人大四次会议通过《关于修改〈中华人民共和国全国人民代表大会组织法〉的决定》、《关于修改〈中华人民共和国全国人民
文献,关于修改〈中华人民共和国全国人民代表大会议事规则〉的决定,2021,1,medium,十三届全国人大四次会议通过《关于修改〈中华人民共和国全国人民代表大会组织法〉的决定》、《关于修改〈中华人民共和国全国人民
文献,关于修改〈中华人民共和国民族区域自治法〉的决定,1984,1,medium,六届全国人大二次会议通过《中华人民共和国民族区域自治法》。2001年2月28日，九届全国人大常委会第二十次会议通过《关于
文献,关于修改〈中华人民共和国立法法〉的决定,2000,1,medium,九届全国人大三次会议通过《中华人民共和国立法法》。2015年3月15日，十二届全国人大三次会议通过《关于修改〈中华人民共
文献,关于修改党章的报告,1945,1,medium,中国共产党第七次全国代表大会在延安举行。出席大会的正式代表547人，候补代表208人，代表全国121万党员。毛泽东致开幕
文献,关于修改宪法部分内容的建议,2018,1,medium,中共十九届二中全会召开。全会通过《关于修改宪法部分内容的建议》。
文献,关于修正〈中华人民共和国宪法〉若干规定的决议,1979,1,medium,五届全国人大二次会议通过《关于修正〈中华人民共和国宪法〉若干规定的决议》和《中华人民共和国刑法》、《中华人民共和国刑事诉
文献,关于做好农业和农村工作的意见,2003,1,medium,胡锦涛在中央农村工作会议上讲话指出，必须统筹城乡经济社会发展，把解决好农业、农村和农民问题作为全党工作的重中之重，放在更
文献,关于党和国家机关必须保持廉洁的通知,1988,1,medium,中共中央发出《关于党和国家机关必须保持廉洁的通知》。
文献,关于党政机关厉行节约制止奢侈浪费行为的若干规定,1997,1,medium,中共中央、国务院印发《关于党政机关厉行节约制止奢侈浪费行为的若干规定》。
文献,关于全部摘掉右派分子帽子的请示报告,1978,1,medium,中共中央批准中央统战部、公安部《关于全部摘掉右派分子帽子的请示报告》。9月17日，中共中央批转《贯彻中央关于全部摘掉右派
文献,关于全面加强生态环境保护坚决打好污染防治攻坚战的意见,2018,1,medium,中共中央、国务院印发《关于全面加强生态环境保护坚决打好污染防治攻坚战的意见》。
文献,关于全面振兴东北地区等老工业基地的若干意见,2016,1,medium,中共中央、国务院印发《关于全面振兴东北地区等老工业基地的若干意见》。
文献,关于全面推行林长制的意见,2016,1,medium,中共中央办公厅、国务院办公厅印发《关于全面推行河长制的意见》。2017年12月26日，印发《关于在湖泊实施湖长制的指导意
文献,关于全面推行河长制的意见,2016,1,medium,中共中央办公厅、国务院办公厅印发《关于全面推行河长制的意见》。2017年12月26日，印发《关于在湖泊实施湖长制的指导意
文献,关于全面推进乡村振兴加快农业农村现代化的意见,2021,1,medium,中共中央、国务院印发《关于全面推进乡村振兴加快农业农村现代化的意见》。指出，新发展阶段“三农”工作依然极端重要，须臾不可
文献,关于全面推进依法治国若干重大问题的决定,2014,1,medium,中共十八届四中全会召开。全会通过《关于全面推进依法治国若干重大问题的决定》，指出全面推进依法治国，总目标是建设中国特色社
文献,关于全面推进集体林权制度改革的意见,2008,1,medium,中共中央、国务院印发《关于全面推进集体林权制度改革的意见》，规定林地的承包期为70年，承包期届满可以按照国家有关规定继续
文献,关于全面深入贯彻军委主席负责制的意见,2014,1,medium,中央军委印发《关于贯彻落实军委主席负责制建立和完善相关工作机制的意见》。2017年11月2日，中央军委印发《关于全面深入
文献,关于全面深化农村改革加快推进农业现代化的若干意见,2014,1,medium,中共中央、国务院印发《关于全面深化农村改革加快推进农业现代化的若干意见》。指出，把饭碗牢牢端在自己手上，是治国理政必须长
文献,关于全面深化改革若干重大问题的决定,2013,1,medium,中共十八届三中全会召开。全会通过《关于全面深化改革若干重大问题的决定》。全会指出，全面深化改革的总目标是完善和发展中国特
文献,关于全面落实中央纪委向中央一级党和国家机关派驻纪检机构的方案,2014,1,medium,中共中央办公厅印发《关于加强中央纪委派驻机构建设的意见》。2015年11月20日，中共中央办公厅印发《关于全面落实中央纪
文献,关于军委组成人员的通知,1959,1,medium,中央军委发出《关于军委组成人员的通知》，毛泽东为中央军委主席。
文献,关于军队和武警部队全面停止有偿服务活动的通知,2016,1,medium,中央军委印发《关于军队和武警部队全面停止有偿服务活动的通知》。
文献,关于农业和农村工作若干重大问题的决定,1998,1,medium,中共十五届三中全会召开。全会通过《关于农业和农村工作若干重大问题的决定》，提出到2010年建设有中国特色社会主义新农村的
文献,关于农业生产互助合作的决议(草案),1951,1,medium,中共中央召开全国第一次互助合作会议。会议通过《关于农业生产互助合作的决议(草案)》。会后，农业生产互助合作运动很快开展起
文献,关于农村人民公社当前政策问题的紧急指示信,1960,1,medium,中共中央发出《关于农村人民公社当前政策问题的紧急指示信》，要求坚决纠正农村人民公社的“共产风”。
文献,关于分类推进事业单位改革的指导意见,2011,1,medium,中共中央、国务院印发《关于分类推进事业单位改革的指导意见》，对事业单位改革作出全面部署。
文献,关于切实做好国有企业下岗职工基本生活保障和再就业工作的通知,1998,1,medium,中共中央、国务院发出《关于切实做好国有企业下岗职工基本生活保障和再就业工作的通知》，提出实行在国家政策指导下，劳动者自主
文献,关于制定国民经济和社会发展第十一个五年规划的建议,2005,1,medium,中共十六届五中全会召开。全会通过《关于制定国民经济和社会发展第十一个五年规划的建议》，将单位国内生产总值能源消耗降低作为
文献,关于制定国民经济和社会发展第十三个五年规划的建议,2015,1,medium,中共十八届五中全会召开。全会通过《关于制定国民经济和社会发展第十三个五年规划的建议》。全会提出以人民为中心的发展思想，强
文献,关于制定国民经济和社会发展第十个五年计划的建议,2000,1,medium,中共十五届五中全会召开。全会通过《关于制定国民经济和社会发展第十个五年计划的建议》。指出，人民生活总体上达到了小康水平，
文献,关于制定国民经济和社会发展第十二个五年规划的建议,2010,1,medium,中共十七届五中全会召开。全会通过《关于制定国民经济和社会发展第十二个五年规划的建议》。
文献,关于加强中央纪委派驻机构建设的意见,2014,1,medium,中共中央办公厅印发《关于加强中央纪委派驻机构建设的意见》。2015年11月20日，中共中央办公厅印发《关于全面落实中央纪
文献,关于加强人民体育运动工作的报告,1952,1,medium,毛泽东为中华全国体育总会成立大会题词“发展体育运动，增强人民体质”。1954年1月8日，中共中央批转中央人民政府体育运动
文献,关于加强人民司法工作的指示,1950,1,medium,政务院发出《关于加强人民司法工作的指示》，要求在全国范围内逐步建立和健全人民司法制度。
文献,关于加强人民政协工作的意见,2006,1,medium,中共中央印发《关于加强人民政协工作的意见》。
文献,关于加强党内法规制度建设的意见,2016,1,medium,中共中央印发《关于加强党内法规制度建设的意见》。24日至25日，首次全国党内法规工作会议召开。
文献,关于加强党同人民群众联系的决定,1990,1,medium,中共十三届六中全会召开。全会通过《关于加强党同人民群众联系的决定》。
文献,关于加强党的建设几个重大问题的决定,1994,1,medium,中共十四届四中全会召开。全会通过《关于加强党的建设几个重大问题的决定》，把党的建设提到新的伟大工程的高度。
文献,关于加强党的建设的通知,1989,1,medium,8月28日　中央政治局召开全体会议，通过《关于近期做几件群众关心的事的决定》、《关于加强宣传、思想工作的通知》和《关于加
文献,关于加强党的执政能力建设的决定,2004,1,medium,中共十六届四中全会召开。全会通过《关于加强党的执政能力建设的决定》，同意江泽民辞去中央军委主席职务，决定胡锦涛为中央军委
文献,关于加强党的政治建设的意见,2019,1,medium,中共中央印发《关于加强党的政治建设的意见》。
文献,关于加强党风和廉政建设的意见,1990,1,medium,中共中央批转中央纪委《关于加强党风和廉政建设的意见》，强调要从党和国家生死存亡、改革开放兴衰成败的高度认识党风和廉政建设
文献,关于加强和创新社会管理的意见,2011,1,medium,中共中央、国务院印发《关于加强和创新社会管理的意见》。
文献,关于加强和改善党对工会、共青团、妇联工作领导的通知,1989,1,medium,中共中央发出《关于加强和改善党对工会、共青团、妇联工作领导的通知》。
文献,关于加强和改进党的作风建设的决定,2001,1,medium,中共十五届六中全会召开。全会通过《关于加强和改进党的作风建设的决定》，提出作风建设“八个坚持、八个反对”的要求。
文献,关于加强和改进党的群团工作的意见,2015,1,medium,中央党的群团工作会议召开。习近平讲话强调，要下决心纠正机关化、行政化、贵族化、娱乐化，切实保持和增强党的群团工作的政治性
文献,关于加强和改进新形势下党史工作的意见,2010,1,medium,中共中央印发《关于加强和改进新形势下党史工作的意见》，深刻阐述党史工作的意义，明确规定新形势下党史工作的指导思想、基本要
文献,关于加强和改进新形势下党校工作的意见,2015,1,medium,习近平在全国党校工作会议上讲话指出，党校姓党，首先要把党的旗帜亮出来。党校是教育培训干部的地方，不断把领导干部集中到党校
文献,关于加强和改进新形势下党的建设若干重大问题的决定,2009,1,medium,中共十七届四中全会召开。全会通过《关于加强和改进新形势下党的建设若干重大问题的决定》，提出不断提高党的建设科学化水平、建
文献,关于加强和改进新形势下民族工作的意见,2014,1,medium,习近平在中央民族工作会议暨国务院第六次全国民族团结进步表彰大会上讲话指出，加强中华民族大团结，长远和根本的是增强文化认同
文献,关于加强和规范事中事后监管的指导意见,2019,1,medium,国务院印发《关于在市场监管领域全面推行部门联合“双随机、一公开”监管的意见》。9月6日，国务院印发《关于加强和规范事中事
文献,关于加强宣传、思想工作的通知,1989,1,medium,8月28日　中央政治局召开全体会议，通过《关于近期做几件群众关心的事的决定》、《关于加强宣传、思想工作的通知》和《关于加
文献,关于加强对“一把手”和领导班子监督的意见,2021,1,medium,中共中央印发《关于加强对“一把手”和领导班子监督的意见》。
文献,关于加强干部管理工作的决定,1953,1,medium,中共中央作出《关于加强干部管理工作的决定》，对党管干部原则作出明确规定。
文献,关于加强技术创新，发展高科技，实现产业化的决定,1999,1,medium,中共中央、国务院作出《关于加强技术创新，发展高科技，实现产业化的决定》。23日至26日，中共中央、国务院召开全国技术创新
文献,关于加强社会主义协商民主建设的意见,2015,1,medium,中共中央印发《关于加强社会主义协商民主建设的意见》，对新形势下开展政党协商、人大协商、政府协商、政协协商、人民团体协商、
文献,关于加强社会主义精神文明建设若干重要问题的决议,1996,1,medium,中共十四届六中全会召开。全会通过《关于加强社会主义精神文明建设若干重要问题的决议》。指出，社会主义社会是全面发展、全面进
文献,关于加快培育和发展战略性新兴产业的决定,2010,1,medium,国务院作出《关于加快培育和发展战略性新兴产业的决定》。
文献,关于加快实施自由贸易区战略的若干意见,2015,1,medium,国务院印发《关于加快实施自由贸易区战略的若干意见》。
文献,关于加快建立健全绿色低碳循环发展经济体系的指导意见,2021,1,medium,国务院印发《关于加快建立健全绿色低碳循环发展经济体系的指导意见》。
文献,关于加快推进“互联网+政务服务”工作的指导意见,2016,1,medium,国务院印发《关于加快推进“互联网+政务服务”工作的指导意见》。2018年7月，印发《关于加快推进全国一体化在线政务服务平
文献,关于加快推进全国一体化在线政务服务平台建设的指导意见,2016,1,medium,国务院印发《关于加快推进“互联网+政务服务”工作的指导意见》。2018年7月，印发《关于加快推进全国一体化在线政务服务平
文献,关于加快推进政务服务“跨省通办”的指导意见,2020,1,medium,国务院常务会议确定推进与企业发展、群众生活密切相关的高频事项“跨省通办”的措施。24日，国务院办公厅印发《关于加快推进政
文献,关于加快推进生态文明建设的意见,2018,1,medium,全国生态环境保护大会召开。习近平讲话提出新时代推进生态文明建设的原则，强调要加快构建生态文明体系。大会总结并阐述了习近平
文献,关于加快构建中国特色哲学社会科学的意见,2016,1,medium,习近平主持召开哲学社会科学工作座谈会，提出要着力构建中国特色哲学社会科学，强调坚定中国特色社会主义道路自信、理论自信、制
文献,关于加快棚户区改造工作的意见,2013,1,medium,国务院印发《关于加快棚户区改造工作的意见》。
文献,关于加速科学技术进步的决定,1995,1,medium,中共中央、国务院作出《关于加速科学技术进步的决定》，确定实施科教兴国战略。
文献,关于卫生改革与发展的决定,1996,1,medium,全国卫生工作会议召开。1997年1月15日，中共中央、国务院作出《关于卫生改革与发展的决定》。
文献,关于县以上党和国家机关党员领导干部民主生活会的若干规定,1990,1,medium,中共中央印发《关于县以上党和国家机关党员领导干部民主生活会的若干规定》。
文献,关于召开全国科学大会的通知,1977,1,medium,中共中央发出《关于召开全国科学大会的通知》，要求抓紧落实党的知识分子政策，迅速恢复被撤掉的科研机构，恢复科研人员的技术职
文献,关于向全体公民基本普及法律常识的五年规划,1985,1,medium,全国法制宣传教育工作会议召开。会议通过《关于向全体公民基本普及法律常识的五年规划》。到2021年，共实施八个五年普法规划
文献,关于和平解放西藏办法的协议,1951,1,medium,中央人民政府和西藏地方政府在北京签订《关于和平解放西藏办法的协议》(“十七条协议”)，宣告西藏和平解放。10月26日，人
文献,关于回回民族问题的提纲,1940,1,medium,中共中央西北工作委员会拟定《关于回回民族问题的提纲》。7月，又拟定《关于抗战中蒙古民族问题提纲》。经中央书记处批准，成为
文献,关于国有企业改革和发展若干重大问题的决定,1999,1,medium,中共十五届四中全会召开。全会通过《关于国有企业改革和发展若干重大问题的决定》。
文献,关于国营企业利改税试行办法,1983,1,medium,国务院批转财政部《关于国营企业利改税试行办法》。
文献,关于国际共产主义运动总路线的建议,1963,1,medium,中共中央发表《关于国际共产主义运动总路线的建议》。9月6日至1964年7月14日，又连续发表总称为《关于国际共产主义运动
文献,关于国际共产主义运动总路线的论战,1963,1,medium,中共中央发表《关于国际共产主义运动总路线的建议》。9月6日至1964年7月14日，又连续发表总称为《关于国际共产主义运动
文献,关于土地问题的指示,1946,1,medium,中共中央作出《关于土地问题的指示》(五四指示)，将全民族抗战时期的减租减息改变为“耕者有其田”政策，并指出解决解放区的土
文献,关于在党的基层组织和党员中深入开展创先争优活动的意见,2010,1,medium,中共中央办公厅转发中央组织部、中央宣传部《关于在党的基层组织和党员中深入开展创先争优活动的意见》，对开展创先争优活动作出
文献,关于在全党全军开展整风运动的指示,1950,1,medium,中共中央发出《关于在全党全军开展整风运动的指示》。全党开展以提高干部和一般党员的思想水平和政治水平，克服工作中所犯的错误
文献,关于在全党开展“不忘初心、牢记使命”主题教育的意见,2019,1,medium,中共中央印发《关于在全党开展“不忘初心、牢记使命”主题教育的意见》。2019年5月底至2020年1月，全党分两批开展“不
文献,关于在全党开展党史学习教育的通知,2021,1,medium,党史学习教育动员大会召开。习近平讲话指出，在全党开展党史学习教育，是党中央立足党的百年历史新起点、统筹中华民族伟大复兴战
文献,关于在全党开展深入学习实践科学发展观活动的意见,2008,1,medium,中共中央印发《关于在全党开展深入学习实践科学发展观活动的意见》。2008年9月至2010年2月，全党分批开展了这一活动。
文献,关于在全党深入开展党的群众路线教育实践活动的意见,2013,1,medium,中共中央印发《关于在全党深入开展党的群众路线教育实践活动的意见》。2013年6月至2014年9月，全党分两批开展以为民务
文献,关于在全国城镇分期分批推行住房制度改革的实施方案,1988,1,medium,国务院印发《关于在全国城镇分期分批推行住房制度改革的实施方案》。1994年7月18日，国务院作出《关于深化城镇住房制度改
文献,关于在全国大规模造林的指示,1958,1,medium,中共中央、国务院发出《关于在全国大规模造林的指示》，要求迅速地大规模发展造林事业。
文献,关于在全国实行计划收购油料的决定,1953,1,medium,中共中央作出《关于实行粮食的计划收购与计划供应的决议》。11月15日，作出《关于在全国实行计划收购油料的决定》。1954
文献,关于在全国建立农村最低生活保障制度的通知,2007,1,medium,国务院发出《关于在全国建立农村最低生活保障制度的通知》。指出，将符合条件的农村贫困人口全部纳入保障范围，稳定、持久、有效
文献,关于在全国建立城市居民最低生活保障制度的通知,1997,1,medium,国务院发出《关于在全国建立城市居民最低生活保障制度的通知》。
文献,关于在全国推开“证照分离”改革的通知,2018,1,medium,国务院发出《关于在全国推开“证照分离”改革的通知》。2021年5月，发出《关于深化“证照分离”改革进一步激发市场主体发展
文献,关于在县处级以上领导干部中开展“三严三实”专题教育方案,2015,1,medium,中共中央办公厅印发《关于在县处级以上领导干部中开展“三严三实”专题教育方案》。从4月底开始，在县处级以上领导干部中不分批
文献,关于在学校中进行思想改造和组织清理工作的指示,1951,1,medium,周恩来在北京、天津高等学校教师学习会上作《关于知识分子的改造问题》报告。11月30日，中共中央发出《关于在学校中进行思想
文献,关于在湖泊实施湖长制的指导意见,2016,1,medium,中共中央办公厅、国务院办公厅印发《关于全面推行河长制的意见》。2017年12月26日，印发《关于在湖泊实施湖长制的指导意
文献,关于在线政务服务的若干规定,2016,1,medium,国务院印发《关于加快推进“互联网+政务服务”工作的指导意见》。2018年7月，印发《关于加快推进全国一体化在线政务服务平
文献,关于坚持和完善中国共产党领导的多党合作和政治协商制度的意见,1989,1,medium,中共中央印发《关于坚持和完善中国共产党领导的多党合作和政治协商制度的意见》，指出“长期共存、互相监督、肝胆相照、荣辱与共
文献,关于培育和践行社会主义核心价值观的意见,2013,1,medium,中共中央办公厅印发《关于培育和践行社会主义核心价值观的意见》。指出，富强、民主、文明、和谐，自由、平等、公正、法治，爱国
文献,关于增强党的团结的决议,1954,1,medium,中共七届四中全会召开。全会通过《关于增强党的团结的决议》。
文献,关于外交工作的指示,1944,1,medium,中缅印战区美军司令部派遣美军观察组进驻延安。8月18日，中共中央发出《关于外交工作的指示》，阐明党的外交工作的性质、内容
文献,关于大量发展党员的决议,1938,1,medium,中共中央发出《关于大量发展党员的决议》。到1938年底，全国党员人数从全民族抗战开始时的4万多发展到50余万。
文献,关于完善产权保护制度依法保护产权的意见,2016,1,medium,中共中央、国务院印发《关于完善产权保护制度依法保护产权的意见》。
文献,关于完善企业职工基本养老保险制度的决定,1991,1,medium,国务院作出《关于企业职工养老保险制度改革的决定》。1997年7月16日，国务院作出《关于建立统一的企业职工基本养老保险制
文献,关于完善农村土地所有权承包权经营权分置办法的意见,2014,1,medium,中共中央办公厅、国务院办公厅印发《关于引导农村土地经营权有序流转发展农业适度规模经营的意见》。2016年10月22日，中
文献,关于完善社会主义市场经济体制若干问题的决定,2003,1,medium,中共十六届三中全会召开。全会通过《关于完善社会主义市场经济体制若干问题的决定》，明确完善社会主义市场经济体制的主要任务，
文献,关于完善香港特别行政区选举制度的决定,2021,1,medium,十三届全国人大四次会议通过《关于修改〈中华人民共和国全国人民代表大会组织法〉的决定》、《关于修改〈中华人民共和国全国人民
文献,关于实施东北地区等老工业基地振兴战略的若干意见,2003,1,medium,中共中央、国务院印发《关于实施东北地区等老工业基地振兴战略的若干意见》。
文献,关于实施中华优秀传统文化传承发展工程的意见,2017,1,medium,中共中央办公厅、国务院办公厅印发《关于实施中华优秀传统文化传承发展工程的意见》。
文献,关于实施乡村振兴战略的意见,2018,1,medium,中共中央、国务院印发《关于实施乡村振兴战略的意见》。6月26日，中共中央、国务院印发《乡村振兴战略规划(2018-202
文献,关于实施全面两孩政策改革完善计划生育服务管理的决定,2013,1,medium,中共中央、国务院印发《关于调整完善生育政策的意见》，提出单独两孩的政策。2015年12月31日，中共中央、国务院作出《关
文献,关于实施科技规划纲要增强自主创新能力的决定,2006,1,medium,中共中央、国务院作出《关于实施科技规划纲要增强自主创新能力的决定》，提出增强自主创新能力，努力建设创新型国家。
文献,关于实施西部大开发若干政策措施的通知,1999,1,medium,江泽民在陕西西安主持召开国有企业改革和发展座谈会时讲话指出，实施西部大开发，是一项振兴中华的宏伟战略任务。2000年10
文献,关于实现党校教育正规化的决定,1982,1,medium,中共中央、国务院作出《关于中央党政机关干部教育工作的决定》，要求中央党政机关的干部教育经常化、正规化、制度化。1983年
文献,关于实现巩固拓展脱贫攻坚成果同乡村振兴有效衔接的意见,2020,1,medium,中共中央、国务院印发《关于实现巩固拓展脱贫攻坚成果同乡村振兴有效衔接的意见》。
文献,关于实行党和国家机关领导干部交流制度的决定,1990,1,medium,中共中央作出《关于实行党和国家机关领导干部交流制度的决定》。
文献,关于实行分税制财政管理体制的决定,1993,1,medium,国务院作出《关于实行分税制财政管理体制的决定》，确定从1994年1月1日起改革地方财政包干体制，对各省、自治区、直辖市以
文献,关于实行政社分开建立乡政府的通知,1983,1,medium,中共中央、国务院发出《关于实行政社分开建立乡政府的通知》。到1984年底，全国基本完成了政社分设。
文献,关于实行粮食的计划收购与计划供应的决议,1953,1,medium,中共中央作出《关于实行粮食的计划收购与计划供应的决议》。11月15日，作出《关于在全国实行计划收购油料的决定》。1954
文献,关于工业战线上的技术革新和技术革命运动开展情况的报告,1960,1,medium,中共中央批转鞍山市委《关于工业战线上的技术革新和技术革命运动开展情况的报告》。毛泽东代中央起草批示，将鞍钢实行的“两参一
文献,关于广开门路，搞活经济，解决城镇就业问题的若干决定,1981,1,medium,中共中央、国务院作出《关于广开门路，搞活经济，解决城镇就业问题的若干决定》。
文献,关于建国以来党的若干历史问题的决议,1981,1,medium,中共十一届六中全会召开。全会通过《关于建国以来党的若干历史问题的决议》，对新中国成立32年来党的重大历史事件特别是“文化
文献,关于建立企业职工基本养老保险基金中央调剂制度的通知,2014,1,medium,国务院印发《关于建立统一的城乡居民基本养老保险制度的意见》。2015年1月3日，国务院作出《关于机关事业单位工作人员养老
文献,关于建立健全党和国家功勋荣誉表彰制度的意见,2015,1,medium,中共中央印发《关于建立健全党和国家功勋荣誉表彰制度的意见》。
文献,关于建立国务院向全国人大常委会报告国有资产管理情况制度的意见,2017,1,medium,中共中央印发《关于建立国务院向全国人大常委会报告国有资产管理情况制度的意见》。2018年10月，十三届全国人大常委会第六
文献,关于建立国土空间规划体系并监督实施的若干意见,2019,1,medium,中共中央、国务院印发《关于建立国土空间规划体系并监督实施的若干意见》。
文献,关于建立城镇职工基本医疗保险制度的决定,1998,1,medium,国务院作出《关于建立城镇职工基本医疗保险制度的决定》。
文献,关于建立社会主义市场经济体制若干问题的决定,1993,1,medium,中共十四届三中全会召开。全会通过《关于建立社会主义市场经济体制若干问题的决定》，勾画了社会主义市场经济体制的基本框架。指
文献,关于建立统一的企业职工基本养老保险制度的决定,1991,1,medium,国务院作出《关于企业职工养老保险制度改革的决定》。1997年7月16日，国务院作出《关于建立统一的企业职工基本养老保险制
文献,关于建立统一的城乡居民基本养老保险制度的意见,2014,1,medium,国务院印发《关于建立统一的城乡居民基本养老保险制度的意见》。2015年1月3日，国务院作出《关于机关事业单位工作人员养老
文献,关于建立老干部退休制度的决定,1982,1,medium,中共中央作出《关于建立老干部退休制度的决定》。
文献,关于开创社队企业新局面的报告,1984,1,medium,中共中央、国务院转发农牧渔业部《关于开创社队企业新局面的报告》，同意将社队企业改称乡镇企业，提出发展乡镇企业的若干政策。
文献,关于开展城镇居民基本医疗保险试点的指导意见,2007,1,medium,国务院印发《关于开展城镇居民基本医疗保险试点的指导意见》，旨在逐步建立以大病统筹为主的城镇居民基本医疗保险制度。
文献,关于开展城镇居民社会养老保险试点的指导意见,2009,1,medium,国务院印发《关于开展新型农村社会养老保险试点的指导意见》。2011年6月7日，国务院印发《关于开展城镇居民社会养老保险试
文献,关于开展扫黑除恶专项斗争的通知,2018,1,medium,中共中央、国务院发出《关于开展扫黑除恶专项斗争的通知》。到2020年12月底，全国打掉涉黑组织3644个、涉恶犯罪集团1
文献,关于开展新型农村社会养老保险试点的指导意见,2009,1,medium,国务院印发《关于开展新型农村社会养老保险试点的指导意见》。2011年6月7日，国务院印发《关于开展城镇居民社会养老保险试
文献,关于引导农村土地经营权有序流转发展农业适度规模经营的意见,2014,1,medium,中共中央办公厅、国务院办公厅印发《关于引导农村土地经营权有序流转发展农业适度规模经营的意见》。2016年10月22日，中
文献,关于当前农业和农村经济发展的若干政策措施,1993,1,medium,中共中央、国务院印发《关于当前农业和农村经济发展的若干政策措施》，提出在原定的耕地承包期到期之后，再延长30年不变。
文献,关于当前反对资产阶级自由化若干问题的通知,1986,1,medium,邓小平在同几位中央负责同志谈话时指出，要旗帜鲜明地坚持四项基本原则，反对资产阶级自由化。1987年1月28日，中共中央发
文献,关于恢复新疆生产建设兵团的决定,1954,1,medium,新疆军区遵照军委总参谋部8月6日的批复公布成立新疆军区生产建设兵团。1975年3月，兵团撤销，成立新疆维吾尔自治区农垦总
文献,关于成立党的中央和地方监察委员会的决议,1955,1,medium,中国共产党全国代表会议举行。会议通过《关于成立党的中央和地方监察委员会的决议》等。董必武任中央监察委员会书记。原有的中央
文献,关于成立党的军事委员会的决议,1954,1,medium,中央政治局作出《关于成立党的军事委员会的决议》。毛泽东任中央军事委员会主席，彭德怀主持军委日常工作。
文献,关于成立十五人专门委员会的决定,1962,1,medium,中共中央作出《关于成立十五人专门委员会的决定》。委员会的主要任务是加强对原子能工业建设和加速核武器研制、试验工作以及核科
文献,关于我国社会主义时期宗教问题的基本观点和基本政策,1982,1,medium,中共中央印发《关于我国社会主义时期宗教问题的基本观点和基本政策》，明确阐述了尊重和保护宗教信仰自由，争取、团结和教育宗教
文献,关于打击经济领域中严重犯罪活动的决定,1982,1,medium,中共中央、国务院作出《关于打击经济领域中严重犯罪活动的决定》。
文献,关于打赢脱贫攻坚战三年行动的指导意见,2018,1,medium,中共中央、国务院印发《关于打赢脱贫攻坚战三年行动的指导意见》。
文献,关于打赢脱贫攻坚战的决定,2015,1,medium,中央扶贫开发工作会议召开。习近平讲话强调，打赢脱贫攻坚战，要做到“六个精准”，解决好“扶持谁”、“谁来扶”、“怎么扶”、
文献,关于扩兵与编组野战军的指示,1945,1,medium,中央书记处发出《关于扩兵与编组野战军的指示》。通过编组野战军或野战兵团，从组织体制上完成了由游击战向运动战的战略转变。
文献,关于扩大企业自主权试点工作情况和今后意见的报告,1980,1,medium,国务院批转国家经委《关于扩大企业自主权试点工作情况和今后意见的报告》，要求从1981年起把扩大企业自主权的工作在国营工业
文献,关于扩大沿海经济开放区范围的通知,1985,1,medium,中共中央、国务院批转《长江、珠江三角洲和闽南厦漳泉三角地区座谈会纪要》，决定在长江三角洲、珠江三角洲和闽南厦漳泉三角地区
文献,关于批准国家高新技术产业开发区和有关政策规定的通知,1991,1,medium,国务院发出《关于批准国家高新技术产业开发区和有关政策规定的通知》。决定继1988年批准北京市新技术产业开发试验区之后，在
文献,关于把卫生工作重点放到农村的报告,1965,1,medium,毛泽东在同医务人员谈话时提出，把医疗卫生工作的重点放到农村去。9月21日，中共中央批转卫生部党委《关于把卫生工作重点放到
文献,关于抓紧培养教育青年干部的决定,1991,1,medium,中共中央作出《关于抓紧培养教育青年干部的决定》。
文献,关于抗战中蒙古民族问题提纲,1940,1,medium,中共中央西北工作委员会拟定《关于回回民族问题的提纲》。7月，又拟定《关于抗战中蒙古民族问题提纲》。经中央书记处批准，成为
文献,关于拥护军队的决定,1943,1,medium,陕甘宁边区政府作出《关于拥护军队的决定》。25日，八路军留守兵团司令部、政治部作出《关于拥护政府爱护人民的决定》。在中共
文献,关于拥护政府爱护人民的决定,1943,1,medium,陕甘宁边区政府作出《关于拥护军队的决定》。25日，八路军留守兵团司令部、政治部作出《关于拥护政府爱护人民的决定》。在中共
文献,关于控制我国人口增长问题致全体共产党员、共青团员的公开信,1980,1,medium,中共中央发出《关于控制我国人口增长问题致全体共产党员、共青团员的公开信》，提倡一对夫妇只生育一个孩子。1982年中共十二
文献,关于推动传统媒体和新兴媒体融合发展的指导意见,2014,1,medium,中共中央办公厅、国务院办公厅印发《关于推动传统媒体和新兴媒体融合发展的指导意见》。
文献,关于推进“两学一做”学习教育常态化制度化的意见,2016,1,medium,中共中央办公厅印发《关于在全体党员中开展“学党章党规、学系列讲话，做合格党员”学习教育方案》。2017年3月20日，中共
文献,关于推进价格机制改革的若干意见,2015,1,medium,中共中央、国务院印发《关于推进价格机制改革的若干意见》。到2017年底，97%以上的商品和服务价格已实现市场调节。
文献,关于推进农村改革发展若干重大问题的决定,2008,1,medium,中共十七届三中全会召开。全会通过《关于推进农村改革发展若干重大问题的决定》，赋予农民更加充分而有保障的土地承包经营权，现
文献,关于推进海南国际旅游岛建设发展的若干意见,2009,1,medium,国务院印发《关于推进海南国际旅游岛建设发展的若干意见》。
文献,关于推进社会主义新农村建设的若干意见,2005,1,medium,中共中央、国务院印发《关于推进社会主义新农村建设的若干意见》。
文献,关于支持海南全面深化改革开放的指导意见,2018,1,medium,中共中央、国务院印发《关于支持海南全面深化改革开放的指导意见》，赋予海南经济特区改革开放新使命，建设自由贸易试验区和中国
文献,关于支持深圳建设中国特色社会主义先行示范区的意见,2019,1,medium,中共中央、国务院印发《关于支持深圳建设中国特色社会主义先行示范区的意见》。
文献,关于改变农村人民公社基本核算单位问题的指示,1962,1,medium,中共中央发出《关于改变农村人民公社基本核算单位问题的指示》，提出把人民公社基本核算单位由生产大队改为生产队。
文献,关于教师节的决定,1985,1,medium,六届全国人大常委会第九次会议通过《关于教师节的决定》，决定9月10日为教师节。
文献,关于教育体制改革的决定,1985,1,medium,中共中央作出《关于教育体制改革的决定》。明确教育体制改革的根本目的和主要措施，提出有步骤地实行九年制义务教育，大力发展职
文献,关于整党的决定,1983,1,medium,中共十二届二中全会召开。全会通过《关于整党的决定》，决定用三年时间分期分批对党的作风和党的组织进行一次全面整顿。这次整党
文献,关于整合城乡居民基本医疗保险制度的意见,2016,1,medium,国务院印发《关于整合城乡居民基本医疗保险制度的意见》，提出整合城镇居民基本医疗保险和新型农村合作医疗，建立统一的城乡居民
文献,关于整顿党的基层组织的决议,1951,1,medium,中共中央召开第一次全国组织工作会议。会议通过《关于整顿党的基层组织的决议》。整党从1951年下半年开始，到1954年春基
文献,关于整风运动的指示,1957,1,medium,中共中央发出《关于整风运动的指示》。以正确处理人民内部矛盾为主题，以反对官僚主义、宗派主义和主观主义为主要内容的整风运动
文献,关于文字改革工作问题的指示,1956,1,medium,中共中央发出《关于文字改革工作问题的指示》。28日，国务院第二十三次全体会议通过《国务院关于公布汉字简化方案的决议》、《
文献,关于新形势下党内政治生活的若干准则,2016,1,medium,中共十八届六中全会召开。全会通过《关于新形势下党内政治生活的若干准则》和《中国共产党党内监督条例》。全会明确习近平总书记
文献,关于新形势下军队政治工作若干问题的决定,2014,1,medium,全军政治工作会议在福建古田召开。10月31日，习近平在讲话中阐明新的历史条件下党从思想上政治上建设军队的重大问题。12月
文献,关于新时代加强和改进人民政协工作的意见,2019,1,medium,中央政协工作会议暨庆祝中国人民政治协商会议成立70周年大会召开。习近平讲话强调，新时代加强和改进人民政协工作，要把坚持和
文献,关于新时代加快完善社会主义市场经济体制的意见,2020,1,medium,中共中央、国务院印发《关于新时代加快完善社会主义市场经济体制的意见》。
文献,关于新时代推动中部地区高质量发展的意见,2021,1,medium,中共中央、国务院印发《关于新时代推动中部地区高质量发展的意见》。
文献,关于新时代推进西部大开发形成新格局的指导意见,2019,1,medium,中共中央、国务院印发《关于新时代推进西部大开发形成新格局的指导意见》。
文献,关于朝鲜军事停战的协定,1950,1,low,上旬　应朝鲜党和政府的请求，中共中央作出抗美援朝、保家卫国的战略决策。10月8日，毛泽东发布命令，组成中国人民志愿军，彭
文献,关于机关事业单位工作人员养老保险制度改革的决定,2014,1,medium,国务院印发《关于建立统一的城乡居民基本养老保险制度的意见》。2015年1月3日，国务院作出《关于机关事业单位工作人员养老
文献,关于构建更加完善的要素市场化配置体制机制的意见,2020,1,medium,中共中央、国务院印发《关于构建更加完善的要素市场化配置体制机制的意见》。
文献,关于构建更加紧密的中非命运共同体的北京宣言,2018,1,medium,中非合作论坛北京峰会举行。习近平主持峰会并在开幕式上发表主旨讲话，提出中非要携手打造责任共担、合作共赢、幸福共享、文化共
文献,关于构建社会主义和谐社会若干重大问题的决定,2006,1,medium,中共十六届六中全会召开。全会通过《关于构建社会主义和谐社会若干重大问题的决定》。指出，社会和谐是中国特色社会主义的本质属
文献,关于正确处理人民内部矛盾的问题,1957,1,medium,毛泽东发表《如何处理人民内部的矛盾》(后改为《关于正确处理人民内部矛盾的问题》)讲话，提出区分和正确处理两类不同性质的社
文献,关于民族工作几个重要问题的报告,1987,1,medium,中共中央、国务院批转中央统战部、国家民委《关于民族工作几个重要问题的报告》，阐述新时期民族工作总的指导思想和根本任务。
文献,关于治理淮河的决定,1950,1,medium,政务院作出《关于治理淮河的决定》。1951年，毛泽东题词“一定要把淮河修好”。到1957年冬，治淮工程初见成效。
文献,关于消灭血吸虫病的指示,1957,1,medium,国务院发出《关于消灭血吸虫病的指示》。此前，毛泽东多次提出，必须消灭血吸虫病。
文献,关于深入推进城市执法体制改革改进城市管理工作的指导意见,2015,1,medium,中央城市工作会议召开。习近平讲话强调，要坚持人民城市为人民，尊重城市发展规律，在统筹上下功夫，在重点上求突破，着力提高城
文献,关于深化“证照分离”改革进一步激发市场主体发展活力的通知,2018,1,medium,国务院发出《关于在全国推开“证照分离”改革的通知》。2021年5月，发出《关于深化“证照分离”改革进一步激发市场主体发展
文献,关于深化中央纪委国家监委派驻机构改革的意见,2014,1,medium,中共中央办公厅印发《关于加强中央纪委派驻机构建设的意见》。2015年11月20日，中共中央办公厅印发《关于全面落实中央纪
文献,关于深化企业改革增强企业活力的若干规定,1986,1,medium,国务院作出《关于深化企业改革增强企业活力的若干规定》。
文献,关于深化体制机制改革加快实施创新驱动发展战略的若干意见,2015,1,medium,中共中央、国务院印发《关于深化体制机制改革加快实施创新驱动发展战略的若干意见》。2016年1月18日，中共中央、国务院印
文献,关于深化党和国家机构改革的决定,2018,1,medium,中共十九届三中全会召开。全会通过《关于深化党和国家机构改革的决定》和《深化党和国家机构改革方案》。3月17日，十三届全国
文献,关于深化医药卫生体制改革的意见,2009,1,medium,中共中央、国务院印发《关于深化医药卫生体制改革的意见》。指出，实行政事分开、管办分开、医药分开、营利性和非营利性分开，建
文献,关于深化司法体制和社会体制改革的意见,2014,1,medium,中共中央办公厅、国务院办公厅印发《关于深化司法体制和社会体制改革的意见》。改革的重点是完善司法人员分类管理制度、完善司法
文献,关于深化国有企业改革的指导意见,2015,1,medium,中共中央、国务院印发《关于深化国有企业改革的指导意见》。此后，陆续出台有关加强国有企业党的建设、国有企业分类改革、发展混
文献,关于深化国防和军队改革的意见,2015,1,medium,中央军委改革工作会议召开。习近平讲话强调，要全面实施改革强军战略，坚定不移走中国特色强军之路。28日，中央军委印发《关于
文献,关于深化城镇住房制度改革的决定,1988,1,medium,国务院印发《关于在全国城镇分期分批推行住房制度改革的实施方案》。1994年7月18日，国务院作出《关于深化城镇住房制度改
文献,关于深化投融资体制改革的意见,2016,1,medium,中共中央、国务院印发《关于深化投融资体制改革的意见》，新一轮投融资体制改革全面展开。
文献,关于深化教育改革全面推进素质教育的决定,1999,1,medium,中共中央、国务院作出《关于深化教育改革全面推进素质教育的决定》。15日，江泽民在第三次全国教育工作会议上讲话指出，教育必
文献,关于深化文化体制改革的若干意见,2005,1,medium,中共中央、国务院印发《关于深化文化体制改革的若干意见》。
文献,关于深化金融改革，整顿金融秩序，防范金融风险的通知,1997,1,medium,亚洲金融危机爆发。12月6日，中共中央、国务院发出《关于深化金融改革，整顿金融秩序，防范金融风险的通知》。
文献,关于知识分子的改造问题,1951,1,medium,周恩来在北京、天津高等学校教师学习会上作《关于知识分子的改造问题》报告。11月30日，中共中央发出《关于在学校中进行思想
文献,关于知识分子问题的报告,1956,1,medium,中共中央召开关于知识分子问题的会议。周恩来代表中共中央作《关于知识分子问题的报告》，充分肯定知识分子在社会主义建设中的作
文献,关于社会主义精神文明建设指导方针的决议,1986,1,medium,中共十二届六中全会召开。全会通过《关于社会主义精神文明建设指导方针的决议》，阐明社会主义精神文明建设的战略地位、根本任务
文献,关于科学技术体制改革的决定,1985,1,medium,中共中央作出《关于科学技术体制改革的决定》，提出经济建设必须依靠科学技术、科学技术工作必须面向经济建设的战略方针。
文献,关于积极推进宗教革新运动的指示,1951,1,medium,中共中央发出《关于积极推进宗教革新运动的指示》，强调贯彻党的宗教政策，团结宗教界最大多数，发展和巩固全国宗教界的统一战线
文献,关于稳步推进农村集体产权制度改革的意见,2016,1,medium,中共中央、国务院印发《关于稳步推进农村集体产权制度改革的意见》。
文献,关于繁荣发展社会主义文艺的意见,2014,1,medium,习近平主持召开文艺工作座谈会，强调只有牢固树立马克思主义文艺观，真正做到了以人民为中心，文艺才能发挥最大正能量。2015
文献,关于经济体制改革的决定,1984,1,medium,中共十二届三中全会召开。全会通过《关于经济体制改革的决定》，规定以城市为重点的经济体制改革的任务、性质和各项方针政策；提
文献,关于统一全军组织及部队番号的规定,1948,1,medium,中央军委发出《关于统一全军组织及部队番号的规定》，要求团和分区以上各部队番号均冠以“中国人民解放军”字样。
文献,关于统一国家财政经济工作的决定,1950,1,medium,政务院作出《关于统一国家财政经济工作的决定》，以遏制通货膨胀，稳定物价，实现国家财政收支平衡。
文献,关于统一抗日根据地党的领导及调整各组织间关系的决定,1942,1,medium,中央政治局通过《关于统一抗日根据地党的领导及调整各组织间关系的决定》，规定抗日根据地实行党的一元化领导，中央代表机关及各
文献,关于若干历史问题的决议,1944,1,medium,-翌年4月20日　中共扩大的六届七中全会在延安召开。全会通过毛泽东为中央委员会主席的提议，原则通过《关于若干历史问题的决
文献,关于解决农民工问题的若干意见,2006,1,medium,国务院印发《关于解决农民工问题的若干意见》。指出，要逐步建立城乡统一的劳动力市场和公平竞争的就业制度，保障农民工合法权益
文献,关于解散西藏地方政府的命令,1959,1,medium,国务院发布《关于解散西藏地方政府的命令》，决定由西藏自治区筹备委员会行使西藏地方政府职权。此前，3月10日，西藏上层反动
文献,关于设立中华人民共和国澳门特别行政区的决定,1993,1,medium,八届全国人大一次会议举行。会议通过的《中华人民共和国宪法修正案》肯定中国正处于社会主义初级阶段，国家实行社会主义市场经济
文献,关于设立国家宪法日的决定,2014,1,medium,十二届全国人大常委会第十一次会议通过《关于设立国家宪法日的决定》，将12月4日设立为国家宪法日。
文献,关于设立烈士纪念日的决定,2014,1,medium,十二届全国人大常委会第十次会议通过《关于设立烈士纪念日的决定》，将9月30日设立为烈士纪念日。
文献,关于设立香港特别行政区的决定,1990,1,medium,七届全国人大三次会议举行。会议通过《中华人民共和国香港特别行政区基本法》、《关于〈中华人民共和国香港特别行政区基本法〉的
文献,关于调整中国人民武装警察部队领导指挥体制的决定,2017,1,medium,中共中央作出《关于调整中国人民武装警察部队领导指挥体制的决定》。自2018年1月1日零时起，武警部队由党中央、中央军委集
文献,关于调整农村劳动力和精简下放职工问题的报告,1961,1,medium,中共中央转发中央精简干部和安排劳动力五人小组《关于调整农村劳动力和精简下放职工问题的报告》。到1963年6月，全国共精简
文献,关于调整完善生育政策的意见,2013,1,medium,中共中央、国务院印发《关于调整完善生育政策的意见》，提出单独两孩的政策。2015年12月31日，中共中央、国务院作出《关
文献,关于贯彻落实军委主席负责制建立和完善相关工作机制的意见,2014,1,medium,中央军委印发《关于贯彻落实军委主席负责制建立和完善相关工作机制的意见》。2017年11月2日，中央军委印发《关于全面深入
文献,关于赵紫阳同志在反党反社会主义的动乱中所犯错误的报告,1989,1,medium,中共十三届四中全会召开。全会通过《关于赵紫阳同志在反党反社会主义的动乱中所犯错误的报告》，选举江泽民为中央委员会总书记。
文献,关于近期做几件群众关心的事的决定,1989,1,medium,8月28日　中央政治局召开全体会议，通过《关于近期做几件群众关心的事的决定》、《关于加强宣传、思想工作的通知》和《关于加
文献,关于进一步做好下岗失业人员再就业工作的通知,2002,1,medium,江泽民在全国再就业工作会议上讲话，提出就业是民生之本。30日，中共中央、国务院发出《关于进一步做好下岗失业人员再就业工作
文献,关于进一步做好为农民工服务工作的意见,2006,1,medium,国务院印发《关于解决农民工问题的若干意见》。指出，要逐步建立城乡统一的劳动力市场和公平竞争的就业制度，保障农民工合法权益
文献,关于进一步加强人才工作的决定,2003,1,medium,胡锦涛在全国人才工作会议上讲话指出，落实好人才强国战略，必须树立适应新形势新任务要求的科学人才观，使我国由人口大国转化为
文献,关于进一步加强农业和农村工作的决定,1991,1,medium,中共十三届八中全会召开。全会通过《关于进一步加强农业和农村工作的决定》。指出，要把以家庭联产承包为主的责任制、统分结合的
文献,关于进一步加强农村卫生工作的决定,2002,1,medium,中共中央、国务院作出《关于进一步加强农村卫生工作的决定》。到2008年6月底，新型农村合作医疗制度覆盖到全国31个省、自
文献,关于进一步加强和改进大学生思想政治教育的意见,2004,1,medium,中共中央、国务院印发《关于进一步加强和改进未成年人思想道德建设的若干意见》。8月26日，中共中央、国务院印发《关于进一步
文献,关于进一步加强和改进学校德育工作的若干意见,1994,1,medium,中共中央印发《关于进一步加强和改进学校德育工作的若干意见》。
文献,关于进一步加强和改进未成年人思想道德建设的若干意见,2004,1,medium,中共中央、国务院印发《关于进一步加强和改进未成年人思想道德建设的若干意见》。8月26日，中共中央、国务院印发《关于进一步
文献,关于进一步加强城市规划建设管理工作的若干意见,2015,1,medium,中央城市工作会议召开。习近平讲话强调，要坚持人民城市为人民，尊重城市发展规律，在统筹上下功夫，在重点上求突破，着力提高城
文献,关于进一步完善城乡义务教育经费保障机制的通知,2015,1,medium,国务院发出《关于进一步完善城乡义务教育经费保障机制的通知》。
文献,关于进一步推进户籍制度改革的意见,2014,1,medium,国务院印发《关于进一步推进户籍制度改革的意见》。“十三五”时期，1亿农业转移人口和其他常住人口在城镇落户目标顺利实现。
文献,关于进一步治理整顿和深化改革的决定,1989,1,medium,中共十三届五中全会召开。全会通过《关于进一步治理整顿和深化改革的决定》。同意邓小平辞去中央军委主席职务，决定江泽民为中央
文献,关于进一步活跃农村经济的十项政策,1985,1,medium,中共中央、国务院印发《关于进一步活跃农村经济的十项政策》，决定改革农产品统购派购制度，从1985年起实行合同定购和市场收
文献,关于进一步深化城镇住房制度改革加快住房建设的通知,1988,1,medium,国务院印发《关于在全国城镇分期分批推行住房制度改革的实施方案》。1994年7月18日，国务院作出《关于深化城镇住房制度改
文献,关于进一步深化对外贸易体制改革的决定,1994,1,medium,国务院作出《关于进一步深化对外贸易体制改革的决定》。指出，我国外贸体制改革的目标是：统一政策、放开经营、平等竞争、自负盈
文献,关于进一步繁荣发展哲学社会科学的意见,2004,1,medium,中共中央印发《关于进一步繁荣发展哲学社会科学的意见》。
文献,关于重点建设一批高等学校和重点学科点的若干意见,1993,1,medium,国家教委印发《关于重点建设一批高等学校和重点学科点的若干意见》，提出面向21世纪重点建设100所左右的高等学校和一批重点
文献,关于金融体制改革的决定,1993,1,medium,国务院作出《关于金融体制改革的决定》。提出，建立在国务院领导下，独立执行货币政策的中央银行宏观调控体系；建立政策性金融与
文献,关于镇压反革命活动的指示,1950,1,medium,中共中央发出《关于镇压反革命活动的指示》。到1951年10月底，全国规模的镇压反革命运动基本结束。
文献,关于集中力量执行支左、支农、支工、军管、军训任务的决定,1967,1,medium,中央军委作出《关于集中力量执行支左、支农、支工、军管、军训任务的决定》。到1972年8月，人民解放军先后派出指战员280
文献,关于领导干部报告个人有关事项的规定,2010,1,medium,中共中央办公厅、国务院办公厅印发《关于领导干部报告个人有关事项的规定》。2017年2月8日，中共中央办公厅、国务院办公厅
文献,关于首先在大中城市开展“五反”斗争的指示,1952,1,medium,中共中央发出《关于首先在大中城市开展“五反”斗争的指示》，要求在全国大中城市向违法的资本家开展反对行贿、反对偷税漏税、反
文献,关于鼓励支持和引导个体私营等非公有制经济发展的若干意见,2005,1,medium,国务院印发《关于鼓励支持和引导个体私营等非公有制经济发展的若干意见》。
文献,内地与澳门关于建立更紧密经贸关系的安排,2003,1,medium,内地与香港签署《内地与香港关于建立更紧密经贸关系的安排》。10月17日，内地与澳门签署《内地与澳门关于建立更紧密经贸关系
文献,内地与香港关于建立更紧密经贸关系的安排,2003,1,medium,内地与香港签署《内地与香港关于建立更紧密经贸关系的安排》。10月17日，内地与澳门签署《内地与澳门关于建立更紧密经贸关系
文献,军民融合发展战略纲要,2015,1,medium,习近平在十二届全国人大三次会议解放军代表团全体会议上明确提出，把军民融合发展上升为国家战略。2018年8月11日，中共中
文献,农村人民公社工作条例(草案),1961,1,medium,中央工作会议在广州召开。会议讨论并通过《农村人民公社工作条例(草案)》(“农业六十条”)，对农村政策进行调整。随后，工业
文献,决胜全面建成小康社会，夺取新时代中国特色社会主义伟大胜利,2017,1,medium,中国共产党第十九次全国代表大会举行。大会正式代表2280人，特邀代表74人，代表全国8900多万党员。大会通过的报告《决
文献,决议,1981,1,low,中共十一届六中全会召开。全会通过《关于建国以来党的若干历史问题的决议》，对新中国成立32年来党的重大历史事件特别是“文化
文献,前锋,1922,1,low,中共中央机关报《向导》周报创刊。党的创建和大革命时期，中共中央还创办了《新青年》、《前锋》、《中国共产党党报》等刊物。
文献,区域全面经济伙伴关系协定,2020,1,medium,中国与东盟十国及日本、韩国、澳大利亚、新西兰共同签署《区域全面经济伙伴关系协定》。
文献,十八届中央政治局关于改进工作作风、密切联系群众的八项规定,2012,1,medium,中央政治局会议通过《十八届中央政治局关于改进工作作风、密切联系群众的八项规定》。
文献,县委书记的榜样——焦裕禄,1966,1,medium,新华社播发通讯《县委书记的榜样——焦裕禄》。全国掀起学习焦裕禄的热潮。焦裕禄以自己的实际行动诠释了亲民爱民、艰苦奋斗、科
文献,反分裂国家法,2005,1,medium,十届全国人大三次会议举行。会议通过《反分裂国家法》，明确国家绝不允许“台独”分裂势力以任何名义、任何方式把台湾从中国分裂
文献,反对党八股,1942,1,medium,上旬　毛泽东先后作《整顿学风党风文风》(后改为《整顿党的作风》)和《反对党八股》的讲演，提出反对主观主义以整顿学风、反对
文献,反对本本主义,1930,1,medium,毛泽东撰写《调查工作》(后改为《反对本本主义》)，提出“没有调查，没有发言权”。
文献,向全国进军的命令,1949,1,medium,毛泽东、朱德发布《向全国进军的命令》。20日夜至21日，由刘伯承、陈毅、邓小平、粟裕、谭震林组成的总前敌委员会(邓小平为
文献,向导,1922,1,low,中共中央机关报《向导》周报创刊。党的创建和大革命时期，中共中央还创办了《新青年》、《前锋》、《中国共产党党报》等刊物。
文献,团结合作战胜疫情，共同构建人类卫生健康共同体,2020,1,medium,习近平出席二十国集团领导人应对新冠肺炎特别峰会并发表《携手抗疫，共克时艰》讲话。5月18日，在第73届世界卫生大会视频会
文献,团结抗疫，共克时艰,2020,1,medium,习近平出席二十国集团领导人应对新冠肺炎特别峰会并发表《携手抗疫，共克时艰》讲话。5月18日，在第73届世界卫生大会视频会
文献,国内和平协定,1949,1,medium,以周恩来为首的中共代表团同国民党政府代表团在北平进行和平谈判。经过协商，中共代表团于15日提出《国内和平协定》(最后修正
文献,国务院关于2017年度国有资产管理情况的综合报告,2017,1,medium,中共中央印发《关于建立国务院向全国人大常委会报告国有资产管理情况制度的意见》。2018年10月，十三届全国人大常委会第六
文献,国务院关于2017年度金融企业国有资产的专项报告,2017,1,medium,中共中央印发《关于建立国务院向全国人大常委会报告国有资产管理情况制度的意见》。2018年10月，十三届全国人大常委会第六
文献,国务院关于公布汉字简化方案的决议,1956,1,medium,中共中央发出《关于文字改革工作问题的指示》。28日，国务院第二十三次全体会议通过《国务院关于公布汉字简化方案的决议》、《
文献,国务院关于推广普通话的指示,1956,1,medium,中共中央发出《关于文字改革工作问题的指示》。28日，国务院第二十三次全体会议通过《国务院关于公布汉字简化方案的决议》、《
文献,国务院机构改革方案,2008,1,medium,十一届全国人大一次会议举行。会议批准《国务院机构改革方案》，探索实行职能有机统一的大部门体制。会议选举胡锦涛为国家主席、
文献,国家中长期人才发展规划纲要(2010-2020年),2010,1,medium,中共中央、国务院印发《国家中长期人才发展规划纲要(2010-2020年)》。
文献,国家中长期教育改革和发展规划纲要(2010-2020年),2010,1,medium,中共中央、国务院印发《国家中长期教育改革和发展规划纲要(2010-2020年)》。
文献,国家中长期科学技术发展纲领,1992,1,medium,国务院印发《国家中长期科学技术发展纲领》。
文献,国家创新驱动发展战略纲要,2015,1,medium,中共中央、国务院印发《关于深化体制机制改革加快实施创新驱动发展战略的若干意见》。2016年1月18日，中共中央、国务院印
文献,国家应对气候变化规划(2014-2020年),2018,1,medium,全国生态环境保护大会召开。习近平讲话提出新时代推进生态文明建设的原则，强调要加快构建生态文明体系。大会总结并阐述了习近平
文献,国家新型城镇化规划(2014-2020年),2013,1,medium,首次中央城镇化工作会议召开。习近平讲话指出，城镇化是现代化的必由之路，推进城镇化既要积极、又要稳妥、更要扎实，方向要明，
文献,国家知识产权战略纲要,2008,1,medium,国务院印发《国家知识产权战略纲要》。
文献,国家突发公共事件总体应急预案,2005,1,medium,国务院印发《国家突发公共事件总体应急预案》。
文献,国家重点基础研究发展规划,1997,1,medium,国家科技领导小组第三次会议决定制定《国家重点基础研究发展规划》。随后，科技部组织实施国家重点基础研究发展计划(“九七三计
文献,国家集成电路产业发展推进纲要,2014,1,medium,国务院印发《国家集成电路产业发展推进纲要》，提出到2030年，集成电路产业链主要环节达到国际先进水平，实现跨越发展。20
文献,土地法,1928,1,medium,-翌年4月　毛泽东先后主持制定井冈山《土地法》、兴国《土地法》。
文献,坚持四项基本原则,1979,1,medium,党的理论工作务虚会召开。3月30日，邓小平在会上发表《坚持四项基本原则》讲话。强调，必须在思想政治上坚持社会主义道路，坚
文献,培养少数民族干部试行方案,1950,1,medium,政务院第六十次政务会议批准《培养少数民族干部试行方案》和《筹办中央民族学院试行方案》。1951年6月，中央民族学院开学。
文献,复兴之路,2012,1,medium,习近平在国家博物馆参观《复兴之路》展览时指出，实现中华民族伟大复兴，就是中华民族近代以来最伟大的梦想。2013年3月17
文献,如何处理人民内部的矛盾,1957,1,medium,毛泽东发表《如何处理人民内部的矛盾》(后改为《关于正确处理人民内部矛盾的问题》)讲话，提出区分和正确处理两类不同性质的社
文献,学习白求恩,1939,1,medium,来华参加抗战的加拿大共产党员诺尔曼·白求恩医生在晋察冀边区唐县逝世。毛泽东题写挽词，并撰写《学习白求恩》(后改为《纪念白
文献,实践是检验真理的唯一标准,1978,1,medium,中央党校内部刊物《理论动态》刊登《实践是检验真理的唯一标准》一文。11日，《光明日报》以特约评论员名义公开发表这篇文章，
文献,实践论,1937,1,medium,毛泽东撰写《辩证法唯物论(讲授提纲)》中的《实践论》和《矛盾统一法则》(后改为《矛盾论》)。
文献,对日寇的最后一战,1945,1,medium,毛泽东发表《对日寇的最后一战》的声明。随后，朱德发布七道全面反攻命令。中国抗日战争进入全面反攻阶段。
文献,将革命进行到底,1948,1,medium,毛泽东为新华社撰写《将革命进行到底》的新年献词。
文献,巴黎协定,2018,1,medium,全国生态环境保护大会召开。习近平讲话提出新时代推进生态文明建设的原则，强调要加快构建生态文明体系。大会总结并阐述了习近平
文献,布尔塞维克,1927,1,medium,中共中央机关刊物《布尔塞维克》创刊。土地革命战争时期，中共中央还创办了《红旗》、《斗争》、《解放》等报刊。
文献,广东、福建两省会议纪要,1979,1,medium,中共中央、国务院批转广东省委、福建省委关于对外经济活动实行特殊政策和灵活措施的两个报告，决定先在深圳、珠海试办出口特区。
文献,建立健全教育、制度、监督并重的惩治和预防腐败体系实施纲要,2005,1,medium,中共中央印发《建立健全教育、制度、监督并重的惩治和预防腐败体系实施纲要》。
文献,推动共建丝绸之路经济带和21世纪海上丝绸之路的愿景与行动,2014,1,medium,中共中央、国务院印发《丝绸之路经济带和21世纪海上丝绸之路建设战略规划》。2015年3月28日，经国务院授权，国家发展改
文献,携手抗疫，共克时艰,2020,1,medium,习近平出席二十国集团领导人应对新冠肺炎特别峰会并发表《携手抗疫，共克时艰》讲话。5月18日，在第73届世界卫生大会视频会
文献,携手推动两岸关系和平发展，同心实现中华民族伟大复兴,2008,1,medium,胡锦涛在纪念《告台湾同胞书》发表30周年座谈会上发表《携手推动两岸关系和平发展，同心实现中华民族伟大复兴》讲话，就推动两
文献,改造我们的学习,1941,1,medium,毛泽东作《改造我们的学习》报告。9月至10月，中央政治局在延安召开扩大会议，党的高级干部开始学习和研究党的历史，总结党的
文献,政府与中共代表会谈纪要,1945,1,medium,毛泽东、周恩来、王若飞赴重庆与国民党代表进行和平谈判(重庆谈判)。10月10日，国共双方签署《政府与中共代表会谈纪要》(
文献,政府工作报告,1964,1,medium,-翌年1月4日　三届全国人大一次会议举行。周恩来在《政府工作报告》中提出：要在不长的历史时期内，把我国建设成为一个具有现
文献,政府督查工作条例,2014,1,medium,国务院常务会议决定对已出台政策措施落实情况开展第一次全面督查。此后，国务院每年开展大督查。2019年4月，国务院“互联网
文献,整理党务案,1926,1,medium,蒋介石制造中山舰事件。从此加紧限制共产党的活动。5月，在国民党二届二中全会上提出《整理党务案》，从国民党领导机构中排挤共
文献,整顿党的作风,1942,1,medium,上旬　毛泽东先后作《整顿学风党风文风》(后改为《整顿党的作风》)和《反对党八股》的讲演，提出反对主观主义以整顿学风、反对
文献,整顿学风党风文风,1942,1,medium,上旬　毛泽东先后作《整顿学风党风文风》(后改为《整顿党的作风》)和《反对党八股》的讲演，提出反对主观主义以整顿学风、反对
文献,斗争,1927,1,low,中共中央机关刊物《布尔塞维克》创刊。土地革命战争时期，中共中央还创办了《红旗》、《斗争》、《解放》等报刊。
文献,新一代人工智能发展规划,2017,1,medium,国务院印发《新一代人工智能发展规划》。
文献,新华日报,1939,1,medium,中共中央南方局在重庆成立，周恩来为书记(1943年6月改由董必武主持工作)，负责领导南方国民党统治区和部分沦陷区及海外党
文献,新时代公民道德建设实施纲要,2019,1,medium,31日　中共中央、国务院先后印发《新时代公民道德建设实施纲要》、《新时代爱国主义教育实施纲要》。
文献,新时代爱国主义教育实施纲要,2019,1,medium,31日　中共中央、国务院先后印发《新时代公民道德建设实施纲要》、《新时代爱国主义教育实施纲要》。
文献,新时期促进集成电路产业和软件产业高质量发展的若干政策,2014,1,medium,国务院印发《国家集成电路产业发展推进纲要》，提出到2030年，集成电路产业链主要环节达到国际先进水平，实现跨越发展。20
文献,新民主主义论,1940,1,medium,毛泽东发表《新民主主义论》，系统阐述新民主主义理论。新民主主义理论的提出和系统阐明，是马克思主义中国化的重大理论成果，标
文献,新的革命高潮与一省或几省首先胜利,1930,1,medium,中央政治局会议通过李立三起草的《新的革命高潮与一省或几省首先胜利》决议，形成系统的“左”倾冒险主张。不久，又制定全国总暴
文献,新青年,1922,1,medium,中共中央机关报《向导》周报创刊。党的创建和大革命时期，中共中央还创办了《新青年》、《前锋》、《中国共产党党报》等刊物。
文献,星星之火，可以燎原,1928,1,medium,湘赣边界党的第二次代表大会通过由毛泽东起草的决议案，提出工农武装割据的思想。1930年1月，毛泽东在给林彪的复信(后改为
文献,毛泽东邓小平江泽民胡锦涛关于中国共产党历史论述摘编,2021,1,medium,党史学习教育动员大会召开。习近平讲话指出，在全党开展党史学习教育，是党中央立足党的百年历史新起点、统筹中华民族伟大复兴战
文献,汉语拼音方案(草案),1956,1,medium,中共中央发出《关于文字改革工作问题的指示》。28日，国务院第二十三次全体会议通过《国务院关于公布汉字简化方案的决议》、《
文献,江泽民文选,2006,1,medium,《江泽民文选》第一至第三卷出版。
文献,汪辜会谈共同协议,1993,1,medium,海峡两岸关系协会会长汪道涵和台湾海峡交流基金会董事长辜振甫在新加坡举行会谈并签订《汪辜会谈共同协议》等四项协议。这是两岸
文献,沿海部分城市座谈会纪要,1984,1,medium,中共中央、国务院批转《沿海部分城市座谈会纪要》，决定进一步开放天津、上海、大连、秦皇岛、烟台、青岛、连云港、南通、宁波、
文献,沿着有中国特色的社会主义道路前进,1987,1,medium,中国共产党第十三次全国代表大会举行。大会正式代表1936人，特邀代表61人，代表全国4600多万党员。大会通过的报告《沿
文献,法治中国建设规划(2020-2025年),2020,1,medium,中央全面依法治国工作会议召开。习近平讲话强调，坚定不移走中国特色社会主义法治道路，为全面建设社会主义现代化国家、实现中华
文献,注册资本登记制度改革方案,2014,1,medium,国务院印发《注册资本登记制度改革方案》，明确“实缴制”改为“认缴制”，企业年检制度改为年报公示制度。
文献,海南自由贸易港建设总体方案,2018,1,medium,中共中央、国务院印发《关于支持海南全面深化改革开放的指导意见》，赋予海南经济特区改革开放新使命，建设自由贸易试验区和中国
文献,海峡两岸经济合作框架协议,2010,1,medium,海峡两岸关系协会与台湾海峡交流基金会在重庆签署《海峡两岸经济合作框架协议》。
文献,深化党和国家机构改革方案,2018,1,medium,中共十九届三中全会召开。全会通过《关于深化党和国家机构改革的决定》和《深化党和国家机构改革方案》。3月17日，十三届全国
文献,深化文明交流互鉴，共建亚洲命运共同体,2019,1,medium,首届亚洲文明对话大会在北京召开。习近平在开幕式上发表《深化文明交流互鉴，共建亚洲命运共同体》主旨演讲，呼吁坚持相互尊重、
文献,深化财税体制改革总体方案,2014,1,medium,中央政治局会议审议通过《深化财税体制改革总体方案》。改革的目标是建立现代财政制度，重点是改进预算管理制度、深化税收制度改
文献,湖南农民运动考察报告,1927,1,medium,毛泽东发表《湖南农民运动考察报告》。
文献,爱国主义教育实施纲要,1994,1,medium,中共中央印发《爱国主义教育实施纲要》，提出要把爱国主义教育作为提高全民族整体素质和加强社会主义精神文明建设的基础工程。
文献,环境保护督察方案(试行),2015,1,medium,中共中央办公厅、国务院办公厅印发《环境保护督察方案(试行)》，正式建立中央生态环境保护督察制度。2019年6月6日起，《
文献,理论动态,1978,1,medium,中央党校内部刊物《理论动态》刊登《实践是检验真理的唯一标准》一文。11日，《光明日报》以特约评论员名义公开发表这篇文章，
文献,生态文明体制改革总体方案,2018,1,medium,全国生态环境保护大会召开。习近平讲话提出新时代推进生态文明建设的原则，强调要加快构建生态文明体系。大会总结并阐述了习近平
文献,目前形势和我们的任务,1947,1,medium,中共中央在陕北米脂杨家沟召开扩大会议(十二月会议)。会议通过毛泽东提交的《目前形势和我们的任务》书面报告。报告阐明党的最
文献,目前的形势和任务,1980,1,medium,邓小平在中共中央召集的干部会议上发表《目前的形势和任务》讲话，提出反对霸权主义、维护世界和平，台湾归回祖国、实现祖国统一
文献,矛盾统一法则,1937,1,medium,毛泽东撰写《辩证法唯物论(讲授提纲)》中的《实践论》和《矛盾统一法则》(后改为《矛盾论》)。
文献,矛盾论,1937,1,medium,毛泽东撰写《辩证法唯物论(讲授提纲)》中的《实践论》和《矛盾统一法则》(后改为《矛盾论》)。
文献,筹办中央民族学院试行方案,1950,1,medium,政务院第六十次政务会议批准《培养少数民族干部试行方案》和《筹办中央民族学院试行方案》。1951年6月，中央民族学院开学。
文献,红旗,1927,1,low,中共中央机关刊物《布尔塞维克》创刊。土地革命战争时期，中共中央还创办了《红旗》、《斗争》、《解放》等报刊。
文献,红色中华,1931,1,medium,中华苏维埃共和国临时中央政府机关报《红色中华》创刊。
文献,纪念白求恩,1939,1,medium,来华参加抗战的加拿大共产党员诺尔曼·白求恩医生在晋察冀边区唐县逝世。毛泽东题写挽词，并撰写《学习白求恩》(后改为《纪念白
文献,终战诏书,1945,1,medium,日本天皇裕仁以广播形式发布《终战诏书》。日本无条件投降。
文献,统筹推进世界一流大学和一流学科建设总体方案,2015,1,medium,国务院印发《统筹推进世界一流大学和一流学科建设总体方案》。
文献,群众,1939,1,low,中共中央南方局在重庆成立，周恩来为书记(1943年6月改由董必武主持工作)，负责领导南方国民党统治区和部分沦陷区及海外党
文献,联合公报,1972,1,medium,美国总统尼克松访问中国。此前，美国乒乓球代表团于1971年4月应邀访华；美国总统国家安全事务助理基辛格分别于1971年7
文献,联合国反腐败公约,2003,1,low,中国政府在联合国高级别政治会议上签署《联合国反腐败公约》。2005年10月27日，十届全国人大常委会第十八次会议审议并批
文献,联合国宪章,1945,1,low,包括中共代表董必武在内的中国代表团出席在美国旧金山召开的联合国制宪会议，并在《联合国宪章》上签字。中国成为联合国的创始会
文献,联合国家宣言,1941,1,low,太平洋战争爆发第二天，中国共产党发表宣言，倡导建立太平洋一切抗日民族的统一战线。1942年1月1日，中、美、英、苏等26
文献,胡锦涛文选,2016,1,medium,《胡锦涛文选》第一至第三卷出版。
文献,规定,2017,1,low,中央政治局会议审议通过《中共中央政治局关于加强和维护党中央集中统一领导的若干规定》，指出，中央政治局要带头树立“四个意识
文献,解放,1927,1,low,中共中央机关刊物《布尔塞维克》创刊。土地革命战争时期，中共中央还创办了《红旗》、《斗争》、《解放》等报刊。
文献,解放思想，实事求是，团结一致向前看,1978,1,medium,中央工作会议召开。会议讨论从1979年起把全党工作着重点转移到社会主义现代化建设上来等问题。陈云提出解决历史遗留问题的意
文献,论中国共产党历史,2021,1,medium,党史学习教育动员大会召开。习近平讲话指出，在全党开展党史学习教育，是党中央立足党的百年历史新起点、统筹中华民族伟大复兴战
文献,论人民民主专政,1949,1,medium,毛泽东发表《论人民民主专政》一文，公开阐明中国共产党在建立新中国问题上的主张，指出人民民主专政需要工人阶级的领导。
文献,论十大关系,1956,1,medium,毛泽东在中央政治局扩大会议上作《论十大关系》报告。报告强调要调动国内外一切积极因素，为建设强大的社会主义国家而奋斗，并初
文献,论持久战,1938,1,medium,毛泽东作《论持久战》的长篇讲演，指出：日本是帝国主义强国，中国是半殖民地半封建弱国；日本的侵略战争是退步的、野蛮的，中国
文献,论知识分子问题,1962,1,medium,周恩来作《论知识分子问题》报告，重新肯定我国知识分子的绝大多数已经是劳动人民的知识分子，强调在社会主义建设中要发挥科学和
文献,论统一战线,1945,1,medium,中国共产党第七次全国代表大会在延安举行。出席大会的正式代表547人，候补代表208人，代表全国121万党员。毛泽东致开幕
文献,论联合政府,1945,1,medium,中国共产党第七次全国代表大会在延安举行。出席大会的正式代表547人，候补代表208人，代表全国121万党员。毛泽东致开幕
文献,论解放区战场,1945,1,medium,中国共产党第七次全国代表大会在延安举行。出席大会的正式代表547人，候补代表208人，代表全国121万党员。毛泽东致开幕
文献,调查工作,1930,1,medium,毛泽东撰写《调查工作》(后改为《反对本本主义》)，提出“没有调查，没有发言权”。
文献,贯彻中央关于全部摘掉右派分子帽子决定的实施方案,1978,1,medium,中共中央批准中央统战部、公安部《关于全部摘掉右派分子帽子的请示报告》。9月17日，中共中央批转《贯彻中央关于全部摘掉右派
文献,辩证法唯物论(讲授提纲),1937,1,medium,毛泽东撰写《辩证法唯物论(讲授提纲)》中的《实践论》和《矛盾统一法则》(后改为《矛盾论》)。
文献,退耕还林条例,2002,1,medium,国务院西部开发办公室召开退耕还林工作电视电话会议，确定在过去两年试点工作的基础上，全面启动退耕还林工程。12月14日，国
文献,邓小平文选,1993,1,medium,《邓小平文选》第三卷出版。1994年10月，《邓小平文选(一九三八-一九六五年)》和《邓小平文选(一九七五-一九八二年)
文献,邓小平文选(一九七五-一九八二年),1993,1,medium,《邓小平文选》第三卷出版。1994年10月，《邓小平文选(一九三八-一九六五年)》和《邓小平文选(一九七五-一九八二年)
文献,邓小平文选(一九三八-一九六五年),1993,1,medium,《邓小平文选》第三卷出版。1994年10月，《邓小平文选(一九三八-一九六五年)》和《邓小平文选(一九七五-一九八二年)
文献,长江、珠江三角洲和闽南厦漳泉三角地区座谈会纪要,1985,1,medium,中共中央、国务院批转《长江、珠江三角洲和闽南厦漳泉三角地区座谈会纪要》，决定在长江三角洲、珠江三角洲和闽南厦漳泉三角地区
文献,长江三角洲区域一体化发展规划纲要,2019,1,medium,中共中央、国务院印发《长江三角洲区域一体化发展规划纲要》。
文献,长江经济带发展规划纲要,2016,1,medium,习近平在重庆召开的推动长江经济带发展座谈会上讲话指出，推动长江经济带发展是国家一项重大区域发展战略，要坚持生态优先、绿色
文献,陕甘宁边区保障人权财权条例,1941,1,medium,经中共中央批准的《陕甘宁边区施政纲领》正式发表。11月，陕甘宁边区第二届参议会召开，通过《陕甘宁边区保障人权财权条例》，
文献,陕甘宁边区抗战时期施政纲领,1939,1,medium,陕甘宁边区参议会召开第一届第一次会议，通过《陕甘宁边区抗战时期施政纲领》等文件。林伯渠当选为边区政府主席。
文献,陕甘宁边区施政纲领,1941,1,medium,经中共中央批准的《陕甘宁边区施政纲领》正式发表。11月，陕甘宁边区第二届参议会召开，通过《陕甘宁边区保障人权财权条例》，
文献,面向21世纪教育振兴行动计划,1993,1,medium,国家教委印发《关于重点建设一批高等学校和重点学科点的若干意见》，提出面向21世纪重点建设100所左右的高等学校和一批重点
文献,领导干部报告个人有关事项规定,2010,1,medium,中共中央办公厅、国务院办公厅印发《关于领导干部报告个人有关事项的规定》。2017年2月8日，中共中央办公厅、国务院办公厅
文献,领导指挥体制改革实施方案,2015,1,medium,中央军委印发《领导指挥体制改革实施方案》。2016年2月29日起，全军按新的领导指挥体制运行。
文献,高技术研究发展计划纲要,1986,1,medium,邓小平对王大珩、王淦昌、杨嘉墀、陈芳允四位科学家提出的关于跟踪研究外国高技术发展的建议作出批示。11月18日，中共中央、
文献,黄河流域生态保护和高质量发展规划纲要,2019,1,medium,习近平在河南郑州主持召开黄河流域生态保护和高质量发展座谈会，强调黄河流域生态保护和高质量发展是重大国家战略，要共同抓好大
组织,中国共产党,1921,63,high,中国共产党第一次全国代表大会在上海法租界望志路106号(今兴业路76号)开幕。最后一天的会议转移到浙江嘉兴南湖的游船上举
组织,八路军,1937,14,high,八路军第一一五师主力在晋东北取得平型关大捷，歼灭日军1000余人，打破了日军“不可战胜”的神话。
组织,中国人民解放军,1947,13,high,中国人民解放军总部发表宣言，提出“打倒蒋介石，解放全中国”的口号。
组织,新四军,1937,10,high,原陕甘宁革命根据地的苏维埃政府(即中华苏维埃人民共和国临时中央政府西北办事处)，正式改称陕甘宁边区政府(11月至翌年1月
组织,中华苏维埃共和国,1927,2,high,在以周恩来为书记的中共中央前敌委员会领导下，贺龙、叶挺、朱德、刘伯承等率领党所掌握和影响的军队两万余人，在江西南昌打响武
组织,中华全国总工会,1925,1,high,第二次全国劳动大会在广州召开，中华全国总工会成立。
组织,中国工农红军,1933,1,high,中国工农红军总司令部成立，朱德任中国工农红军总司令，周恩来任总政治委员。
