头实体,头类型,关系,尾实体,尾类型,年份,置信度,证据条目
陈独秀,Person,LED,第三次武装起义,Event,1926,medium,-翌年3月　中共中央和上海区委组织上海工人连续举行三次武装起义。1927年3月21日，第三次武装起义在陈独秀、罗亦农、赵
周恩来,Person,LED,第三次武装起义,Event,1926,medium,-翌年3月　中共中央和上海区委组织上海工人连续举行三次武装起义。1927年3月21日，第三次武装起义在陈独秀、罗亦农、赵
陈独秀,Person,LED,周恩来任起义,Event,1926,medium,-翌年3月　中共中央和上海区委组织上海工人连续举行三次武装起义。1927年3月21日，第三次武装起义在陈独秀、罗亦农、赵
周恩来,Person,LED,周恩来任起义,Event,1926,medium,-翌年3月　中共中央和上海区委组织上海工人连续举行三次武装起义。1927年3月21日，第三次武装起义在陈独秀、罗亦农、赵
朱德,Person,LED,南昌起义,Event,1927,medium,在以周恩来为书记的中共中央前敌委员会领导下，贺龙、叶挺、朱德、刘伯承等率领党所掌握和影响的军队两万余人，在江西南昌打响武
刘伯承,Person,LED,南昌起义,Event,1927,medium,在以周恩来为书记的中共中央前敌委员会领导下，贺龙、叶挺、朱德、刘伯承等率领党所掌握和影响的军队两万余人，在江西南昌打响武
周恩来,Person,LED,南昌起义,Event,1927,medium,在以周恩来为书记的中共中央前敌委员会领导下，贺龙、叶挺、朱德、刘伯承等率领党所掌握和影响的军队两万余人，在江西南昌打响武
贺龙,Person,LED,南昌起义,Event,1927,medium,在以周恩来为书记的中共中央前敌委员会领导下，贺龙、叶挺、朱德、刘伯承等率领党所掌握和影响的军队两万余人，在江西南昌打响武
陈毅,Person,LED,南方游击战争,Event,1934,medium,中央红军主力长征后，中共中央决定成立以项英为首的苏区中央分局和中央军区、以陈毅为主任的中华苏维埃共和国中央政府办事处，领
陈毅,Person,LED,中央红军主力长征,Event,1934,medium,中央红军主力长征后，中共中央决定成立以项英为首的苏区中央分局和中央军区、以陈毅为主任的中华苏维埃共和国中央政府办事处，领
张闻天,Person,LED,失败和长征,Event,1935,medium,中央政治局在贵州遵义召开扩大会议，集中解决当时具有决定意义的军事和组织问题。会议增选毛泽东为中央政治局常委，委托张闻天起
王稼祥,Person,LED,失败和长征,Event,1935,medium,中央政治局在贵州遵义召开扩大会议，集中解决当时具有决定意义的军事和组织问题。会议增选毛泽东为中央政治局常委，委托张闻天起
毛泽东,Person,LED,失败和长征,Event,1935,medium,中央政治局在贵州遵义召开扩大会议，集中解决当时具有决定意义的军事和组织问题。会议增选毛泽东为中央政治局常委，委托张闻天起
周恩来,Person,LED,失败和长征,Event,1935,medium,中央政治局在贵州遵义召开扩大会议，集中解决当时具有决定意义的军事和组织问题。会议增选毛泽东为中央政治局常委，委托张闻天起
张闻天,Person,LED,取消长征,Event,1935,medium,中央政治局在贵州遵义召开扩大会议，集中解决当时具有决定意义的军事和组织问题。会议增选毛泽东为中央政治局常委，委托张闻天起
王稼祥,Person,LED,取消长征,Event,1935,medium,中央政治局在贵州遵义召开扩大会议，集中解决当时具有决定意义的军事和组织问题。会议增选毛泽东为中央政治局常委，委托张闻天起
毛泽东,Person,LED,取消长征,Event,1935,medium,中央政治局在贵州遵义召开扩大会议，集中解决当时具有决定意义的军事和组织问题。会议增选毛泽东为中央政治局常委，委托张闻天起
周恩来,Person,LED,取消长征,Event,1935,medium,中央政治局在贵州遵义召开扩大会议，集中解决当时具有决定意义的军事和组织问题。会议增选毛泽东为中央政治局常委，委托张闻天起
任弼时,Person,LED,红六军团长征,Event,1936,medium,下旬-7月初　红二、红六军团长征抵达四川甘孜地区，与红四方面军会合。7月5日，红军第二方面军成立，贺龙任总指挥，任弼时任
贺龙,Person,LED,红六军团长征,Event,1936,medium,下旬-7月初　红二、红六军团长征抵达四川甘孜地区，与红四方面军会合。7月5日，红军第二方面军成立，贺龙任总指挥，任弼时任
叶剑英,Person,LED,经过谈判,Event,1936,medium,张学良、杨虎城发动西安事变，扣留蒋介石。中共中央确定和平解决事变的方针，并派周恩来、博古、叶剑英等前往西安。经过谈判，迫
周恩来,Person,LED,经过谈判,Event,1936,medium,张学良、杨虎城发动西安事变，扣留蒋介石。中共中央确定和平解决事变的方针，并派周恩来、博古、叶剑英等前往西安。经过谈判，迫
毛泽东,Person,LED,经不起长期战争,Event,1938,medium,毛泽东作《论持久战》的长篇讲演，指出：日本是帝国主义强国，中国是半殖民地半封建弱国；日本的侵略战争是退步的、野蛮的，中国
毛泽东,Person,LED,中国的正义战争,Event,1938,medium,毛泽东作《论持久战》的长篇讲演，指出：日本是帝国主义强国，中国是半殖民地半封建弱国；日本的侵略战争是退步的、野蛮的，中国
毛泽东,Person,LED,中国的反侵略战争,Event,1938,medium,毛泽东作《论持久战》的长篇讲演，指出：日本是帝国主义强国，中国是半殖民地半封建弱国；日本的侵略战争是退步的、野蛮的，中国
毛泽东,Person,LED,能够支持长期战争,Event,1938,medium,毛泽东作《论持久战》的长篇讲演，指出：日本是帝国主义强国，中国是半殖民地半封建弱国；日本的侵略战争是退步的、野蛮的，中国
毛泽东,Person,LED,正确分析抗日战争,Event,1938,medium,中共扩大的六届六中全会在延安召开。全会首次提出马克思主义中国化的命题，重申个人服从组织、少数服从多数、下级服从上级、全党
毛泽东,Person,LED,整风运动,Event,1944,medium,-翌年4月20日　中共扩大的六届七中全会在延安召开。全会通过毛泽东为中央委员会主席的提议，原则通过《关于若干历史问题的决
毛泽东,Person,LED,延安整风运动,Event,1944,medium,-翌年4月20日　中共扩大的六届七中全会在延安召开。全会通过毛泽东为中央委员会主席的提议，原则通过《关于若干历史问题的决
朱德,Person,LED,发起渡江战役,Event,1949,medium,毛泽东、朱德发布《向全国进军的命令》。20日夜至21日，由刘伯承、陈毅、邓小平、粟裕、谭震林组成的总前敌委员会(邓小平为
邓小平,Person,LED,发起渡江战役,Event,1949,medium,毛泽东、朱德发布《向全国进军的命令》。20日夜至21日，由刘伯承、陈毅、邓小平、粟裕、谭震林组成的总前敌委员会(邓小平为
刘伯承,Person,LED,发起渡江战役,Event,1949,medium,毛泽东、朱德发布《向全国进军的命令》。20日夜至21日，由刘伯承、陈毅、邓小平、粟裕、谭震林组成的总前敌委员会(邓小平为
毛泽东,Person,LED,发起渡江战役,Event,1949,medium,毛泽东、朱德发布《向全国进军的命令》。20日夜至21日，由刘伯承、陈毅、邓小平、粟裕、谭震林组成的总前敌委员会(邓小平为
陈毅,Person,LED,发起渡江战役,Event,1949,medium,毛泽东、朱德发布《向全国进军的命令》。20日夜至21日，由刘伯承、陈毅、邓小平、粟裕、谭震林组成的总前敌委员会(邓小平为
粟裕,Person,LED,发起渡江战役,Event,1949,medium,毛泽东、朱德发布《向全国进军的命令》。20日夜至21日，由刘伯承、陈毅、邓小平、粟裕、谭震林组成的总前敌委员会(邓小平为
刘少奇,Person,LED,中央通报中国革命战争,Event,1949,medium,刘少奇率中共代表团秘密访问苏联，会见联共(布)领导人斯大林、莫洛托夫、马林科夫、米高扬等，向联共(布)中央通报中国革命战
