序号,类别,抽取结果,原文依据,来源URL,判定,说明
1,实体·事件,在会议结束前，毛泽东作结论（事件）,在会议结束前，毛泽东作结论。他判断“今年不会有大内战”。结论指出：我们要准备有所让步以取得合法地位，利用国会讲坛去进攻。我们很需要利用这样一个时期来教育全国人民，来锻炼我们自己。我出去谈判的时机由政治局、书记处决定。在我去重庆期间，提议由少,https://www.dswxyjy.org.cn/GB/434461/434469/434626/index.html,错,以“会议”指代但未指明是哪次会议，名称不能独立成立
2,实体·文献,中国共产党党内监督条例（文献）,中共十八届六中全会召开,http://cpc.people.com.cn/n1/2021/0628/c64387-32142446.html,对,
3,实体·事件,新华书店总店在北京成立（事件）,新华书店总店在北京成立。,https://www.dswxyjy.org.cn/GB/434461/434463/434811/index.html,对,
4,实体·事件,中共中央发出给红四军前委的指示信(即九月来信)（事件）,中共中央发出给红四军前委的指示信(即九月来信)。这封指示信是陈毅按照中央政治局会议精神和周恩来、李立三的多次谈话要点代中央起草并经周恩来审定的。信中肯定红四军建立以来的成绩和经验，对红四军的工作任务作了一系列明确的指示。指出：从你们过去的艰,https://www.dswxyjy.org.cn/GB/434461/434470/434601/index.html,对,
5,实体·组织,中华人民共和国政府（组织）,中缅两国签订《中华人民共和国政府和缅甸联邦政府关于两国边界问题的协定》、《中华人民共和国和缅甸联邦之间的友好和互不侵犯条约》,http://cpc.people.com.cn/n1/2021/0628/c64387-32142446.html,对,
6,实体·文献,关于推进海南国际旅游岛建设发展的若干意见（文献）,国务院印发《关于推进海南国际旅游岛建设发展的若干意见》,http://cpc.people.com.cn/n1/2021/0628/c64387-32142446.html,对,
7,实体·事件,邓小平在会见英国前首相希思时，阐述中国政府解决香港问题的政策（事件）,邓小平在会见英国前首相希思时，阐述中国政府解决香港问题的政策。指出：香港的主权是中国的。如果中国一九九七年那时不把香港收回来，我们这些人谁也交不了账。新界的租借，香港岛、九龙半岛的割让，是过去不平等条约定的，现在实际上是废除条约的问题。,https://www.dswxyjy.org.cn/GB/434461/434465/434732/index.html,对,
8,实体·事件,国务院印发《关于进一步推进户籍制度改革的意见》（事件）,国务院印发《关于进一步推进户籍制度改革的意见》。“十三五”时期，1亿农业转移人口和其他常住人口在城镇落户目标顺利实现。,http://cpc.people.com.cn/n1/2021/0628/c64387-32142446.html,对,
9,实体·文献,关于加强人民体育运动工作的报告（文献）,毛泽东为中华全国体育总会成立大会题词“发展体育运动，增强人民体质”,http://cpc.people.com.cn/n1/2021/0628/c64387-32142446.html,对,
10,实体·事件,中共中央印发《中国共产党支部工作条例(试行)》（事件）,中共中央印发《中国共产党支部工作条例(试行)》。,http://cpc.people.com.cn/n1/2021/0628/c64387-32142446.html,对,
11,实体·事件,中央政法工作会议召开（事件）,中央政法工作会议召开。习近平讲话强调，要把维护社会大局稳定作为基本任务，把促进社会公平正义作为核心价值追求，把保障人民安居乐业作为根本目标，坚持严格执法公正司法，深化司法体制改革，加强和改进政法工作。 中央政法工作会议召开。习近平讲话指出，,http://cpc.people.com.cn/n1/2021/0628/c64387-32142446.html,对,
12,实体·文献,当今世界的三个大问题（文献）,江泽民在会见联合国秘书长安南时，谈到当前国际局势的基本态势问题指出：世界正处在大变革时期，基本特征有两个，一个是世界多极化，一个是经济全球化,https://www.dswxyjy.org.cn/GB/434461/434471/434556/index.html,对,
13,实体·事件,邓小平在会见利比里亚国家元首、武装部队总司令多伊时，介绍中国经济建设的历史经验（事件）,邓小平在会见利比里亚国家元首、武装部队总司令多伊时，介绍中国经济建设的历史经验。指出：我们现在正一心一意搞建设，力争经济有较快的发展。现在我们的国民生产总值按人口平均只有二百五十到二百六十美元。我国人口多，如果国民生产总值按人口平均每人增加,https://www.dswxyjy.org.cn/GB/434461/434466/434701/index.html,对,
14,实体·事件,毛泽东在五月二日讲话时论述文艺工作的重要性（事件）,毛泽东在五月二日讲话时论述文艺工作的重要性。讲话指出：在为中国人民解放的斗争中，有文武两个战线。我们首先要依靠手里拿枪的军队，但还要有文化的军队，这是团结自己、战胜敌人必不可少的一支军队。他强调党的文艺工作者必须从根本上解决立场、态度问题，,https://www.dswxyjy.org.cn/GB/434461/434466/434697/index.html,对,
15,实体·事件,关于这次战争的战略方针，应该是使用我们的主力在很长的变动不定的战线上作战（事件）,关于这次战争的战略方针，应该是使用我们的主力在很长的变动不定的战线上作战。中国军队要胜利，必须在广阔的战场上进行高度的运动战，迅速地前进和迅速地后退，迅速地集中和迅速地分散。这就是大规模的运动战，而不是深沟高垒、层层设防、专靠防御工事的阵地,https://www.dswxyjy.org.cn/GB/434461/434468/434650/index.html,错,截取的是讲话中的论述内容，不是一件事
16,实体·事件,中共十届二中全会召开（事件）,中共十届二中全会召开。1月5日，中共中央发出文件，任命邓小平为中共中央军委副主席兼中国人民解放军总参谋长。全会讨论了四届全国人大的准备工作，选举邓小平为中共中央副主席、中央政治局常委。,https://www.dswxyjy.org.cn/GB/434461/434462/434825/index.html,对,
17,实体·事件,在中国共产党领导和推动下，中国左翼作家联盟在上海成立（事件）,在中国共产党领导和推动下，中国左翼作家联盟在上海成立。随后中国社会科学家、戏剧家、美术家、教育家联盟以及电影、音乐小组等左翼文化团体相继成立。10月，各左翼文化团体组成中国左翼文化总同盟。共产党领导的左翼文化运动在国民党统治区兴起。 在中国,http://cpc.people.com.cn/n1/2021/0628/c64387-32142446.html,对,
18,实体·事件,全国教育工作会议在北京举行，邓小平在会上讲话，要求提高教育质量，提高科学文化的教学水平（事件）,全国教育工作会议在北京举行，邓小平在会上讲话，要求提高教育质量，提高科学文化的教学水平；学校要大力加强革命秩序和革命纪律，造就具有社会主义觉悟的一代新人，促进整个社会风气的革命化；教育事业必须和国民经济发展的要求相适应；尊重教师的劳动，提高,https://www.dswxyjy.org.cn/GB/434461/434465/434748/index.html,对,
19,实体·事件,北斗三号第一、二颗组网卫星以“一箭双星”方式成功发射，标志着北斗卫星导航系统全球组网的开始（事件）,北斗三号第一、二颗组网卫星以“一箭双星”方式成功发射，标志着北斗卫星导航系统全球组网的开始。这是和美国全球定位系统(GPS)、俄罗斯格洛纳斯系统、欧洲伽利略系统并列的全球卫星导航系统。2018年12月27日，北斗三号基本系统宣告建成，并开始,http://cpc.people.com.cn/n1/2021/0628/c64387-32142446.html,对,
20,实体·事件,中央政治局作出《关于成立党的军事委员会的决议》（事件）,中央政治局作出《关于成立党的军事委员会的决议》。毛泽东任中央军事委员会主席，彭德怀主持军委日常工作。,http://cpc.people.com.cn/n1/2021/0628/c64387-32142446.html,对,
21,实体·事件,毛泽东写信给陕甘宁边区高等法院院长雷经天（事件）,毛泽东写信给陕甘宁边区高等法院院长雷经天。信中指出：黄克功犯了不容赦免的大罪，他失掉党的立场的，失掉革命立场的，失掉人的立场的行为，如为赦免，便无以教育党，无以教育红军，无以教育革命者，并无以教育做一个普通的人。因此中央与军委便不得不根据他,https://www.dswxyjy.org.cn/GB/434461/434471/434552/index.html,对,
22,实体·事件,全党深入学习实践科学发展观活动动员大会暨省部级主要领导干部专题研讨班开班式举行（事件）,全党深入学习实践科学发展观活动动员大会暨省部级主要领导干部专题研讨班开班式举行。中共中央决定，从2008年9月开始，用一年半左右时间，在全党分批开展深入学习实践科学发展观活动。,https://www.dswxyjy.org.cn/GB/434461/434470/434592/index.html,对,
23,实体·事件,华北人民政府结束工作，正式向中央人民政府政务院办理移交（事件）,华北人民政府结束工作，正式向中央人民政府政务院办理移交。在这个基础上，政务院各机构迅速组建起来，并立即开始工作。华北人民政府结束工作后，所辖五省二市归中央直属，另在政务院下设中央人民政府华北事务部。,https://www.dswxyjy.org.cn/GB/434461/434471/434573/index.html,对,
24,实体·事件,习近平在新加坡国立大学发表演讲（事件）,习近平在新加坡国立大学发表演讲。他强调，中国始终将周边置于外交全局的首要位置，视促进周边和平、稳定、发展为己任。中国坚持与邻为善、以邻为伴，坚持奉行睦邻、安邻、富邻的周边外交政策，坚持践行亲诚惠容的周边外交理念，坚持共同、综合、合作、可持续,https://www.dswxyjy.org.cn/GB/434461/434472/434484/index.html,对,
25,实体·文献,怎样做一个好的领导者（文献）,同日 周恩来写出向中共中央南方局干部作《怎样做一个好的领导者》的报告提纲,https://www.dswxyjy.org.cn/GB/434461/434465/434748/index.html,对,
26,实体·文献,把教育工作认真抓起来（文献）,邓小平在全国教育工作会议上的讲话中就发展教育的紧迫性问题指出：我们国家，国力的强弱，经济发展后劲的大小，越来越取决于劳动者的素质，取决于知识分子的数量和质量,https://www.dswxyjy.org.cn/GB/434461/434466/434714/index.html,对,
27,实体·文献,关于深化国有企业改革的指导意见（文献）,中共中央、国务院印发《关于深化国有企业改革的指导意见》,http://cpc.people.com.cn/n1/2021/0628/c64387-32142446.html,对,
28,实体·事件,中共十六届六中全会召开（事件）,中共十六届六中全会召开。全会通过《关于构建社会主义和谐社会若干重大问题的决定》。指出，社会和谐是中国特色社会主义的本质属性，强调要按照民主法治、公平正义、诚信友爱、充满活力、安定有序、人与自然和谐相处的总要求，构建社会主义和谐社会，推动社会,http://cpc.people.com.cn/n1/2021/0628/c64387-32142446.html,对,
29,实体·文献,海峡两岸空运补充协议（文献）,海峡两岸关系协会会长陈云林与台湾海峡交流基金会董事长江丙坤在南京举行会谈,https://www.dswxyjy.org.cn/GB/434461/434465/434752/index.html,对,
30,实体·事件,习近平强调，宪法的生命在于实施，宪法的权威也在于实施（事件）,习近平强调，宪法的生命在于实施，宪法的权威也在于实施。我们要坚持不懈抓好宪法实施工作，把全面贯彻实施宪法提高到一个新水平。一是要坚持正确政治方向，坚定不移走中国特色社会主义政治发展道路，坚持国家一切权力属于人民的宪法理念，发展更加广泛、更加,https://www.dswxyjy.org.cn/GB/434461/434473/434982/index.html,对,
31,实体·事件,国务院公布《优化营商环境条例》（事件）,国务院公布《优化营商环境条例》。,http://cpc.people.com.cn/n1/2021/0628/c64387-32142446.html,对,
32,实体·事件,中国共产党坚持执政为民，人民对美好生活的向往就是我们的奋斗目标（事件）,中国共产党坚持执政为民，人民对美好生活的向往就是我们的奋斗目标。我的执政理念，概括起来说就是：为人民服务，担当起该担当的责任。,https://www.dswxyjy.org.cn/GB/434461/434463/434795/index.html,错,论述性表述，非可定位到时间点的事件
33,实体·事件,江泽民在中共中央纪律检查委员会第二次全体会议上讲话（事件）,江泽民在中共中央纪律检查委员会第二次全体会议上讲话。指出：建议领导干部对配偶、子女和身边的工作人员“约法三章”：一要经常对他们进行思想道德教育，提出严格的要求，防止他们利用自己的职权和影响做违纪违法的事情；二要防微杜渐，发现他们问题的苗头，,https://www.dswxyjy.org.cn/GB/434461/434462/434839/index.html,对,
34,实体·事件,中共中央政治局就五四运动的历史意义和时代价值举行第十四次集体学习（事件）,中共中央政治局就五四运动的历史意义和时代价值举行第十四次集体学习。习近平在主持学习时强调，五四运动是我国近现代史上具有里程碑意义的重大事件，五四精神是五四运动创造的宝贵精神财富。今天，我们纪念五四运动、发扬五四精神，必须加强对五四运动和五四,https://www.dswxyjy.org.cn/GB/434461/434465/434745/index.html,对,
35,实体·事件,国务院作出《关于机关事业单位工作人员养老保险制度改革的决定》（事件）,国务院作出《关于机关事业单位工作人员养老保险制度改革的决定》。,https://www.dswxyjy.org.cn/GB/434461/434462/434820/index.html,对,
36,实体·事件,中共中央政治局常委会会议专题听取有关国际金融危机情况和应采取应对措施的汇报（事件）,中共中央政治局常委会会议专题听取有关国际金融危机情况和应采取应对措施的汇报。11月5日，国务院召开常务会议，研究部署进一步扩大内需促进经济平稳较快增长的措施。此前，9月中旬，由2007年美国次贷危机引发的国际金融危机全面爆发。,https://www.dswxyjy.org.cn/GB/434461/434471/434549/index.html,对,
37,实体·事件,习近平在农村改革座谈会上强调，中国要强农业必须强，中国要美农村必须美，中国要富农民必须富（事件）,习近平在农村改革座谈会上强调，中国要强农业必须强，中国要美农村必须美，中国要富农民必须富。要坚持把解决好“三农”问题作为全党工作重中之重，加大推进新形势下农村改革力度，加强城乡统筹，全面落实强农惠农富农政策，促进农业基础稳固、农村和谐稳定、,https://www.dswxyjy.org.cn/GB/434461/434465/434751/index.html,对,
38,实体·事件,湘赣边界党的第二次代表大会通过由毛泽东起草的决议案，提出工农武装割据的思想（事件）,湘赣边界党的第二次代表大会通过由毛泽东起草的决议案，提出工农武装割据的思想。1930年1月，毛泽东在给林彪的复信(后改为《星星之火，可以燎原》)中，提出把党的工作重心由城市转到农村，开始形成农村包围城市、武装夺取政权的思想。,http://cpc.people.com.cn/n1/2021/0628/c64387-32142446.html,对,
39,实体·事件,中共中央政治局召开会议，讨论改造《解放日报》的草案（事件）,中共中央政治局召开会议，讨论改造《解放日报》的草案。毛泽东发言指出：今年中央要抓住党校、党报、中宣部这三个重要部门的工作。党报是集体的宣传者与组织者，对党内党外影响极大，是最尖锐的武器。要达到改造党的目的，必须首先改造党报的工作。报社的同志,https://www.dswxyjy.org.cn/GB/434461/434464/434768/index.html,对,
40,实体·地点,江西省（地点）,,https://www.dswxyjy.org.cn/GB/434461/434462/434832/index.html,对,
41,实体·文献,关于在党员、干部、群众和青少年中开展中共党史学习教育的通知（文献）,中央组织部、中央宣传部、中央文献研究室、中央党史研究室、教育部、共青团中央联合发出《关于在党员、干部、群众和青少年中开展中共党史学习教育的通知》,https://www.dswxyjy.org.cn/GB/434461/434462/434842/index.html,对,
42,实体·事件,毛泽东和朱德、周恩来在延安机场（事件）,毛泽东和朱德、周恩来在延安机场。,https://www.dswxyjy.org.cn/GB/434461/434464/434761/index.html,错,图注短语，无谓语，构不成事件表述
43,实体·事件,中央人民政府委员会举行第二十四次会议，听取彭德怀《关于中国人民志愿军抗美援朝的工作报告》（事件）,中央人民政府委员会举行第二十四次会议，听取彭德怀《关于中国人民志愿军抗美援朝的工作报告》。毛泽东在会上发表讲话，阐明了胜利的原因和意义。讲话指出：我们的胜利是靠什么得来的呢？领导的正确是一个因素，但主要的是因为我们的战争是人民战争，全国人民,https://www.dswxyjy.org.cn/GB/434461/434470/434585/index.html,对,
44,实体·文献,中国共产党对于时局的主张（文献）,中共中央发表《中国共产党对于时局的主张》，指出解决时局的关键，是用革命手段打倒帝国主义和封建军阀，建立民主政治,http://cpc.people.com.cn/n1/2021/0628/c64387-32142446.html,对,
45,实体·事件,江泽民在全国科学技术大会上的讲话中全面阐述了科教兴国战略（事件）,江泽民在全国科学技术大会上的讲话中全面阐述了科教兴国战略。他指出：科教兴国，是指全面落实科学技术是第一生产力的思想，坚持教育为本，把科技和教育摆在经济社会发展的重要位置，增强国家的科技实力及向现实生产力转化的能力，提高全民族的科技文化素质，,https://www.dswxyjy.org.cn/GB/434461/434466/434721/index.html,对,
46,实体·事件,毛泽东最后一次审定周恩来在全国财经会议的结论（事件）,毛泽东最后一次审定周恩来在全国财经会议的结论。经他多次审改的这一结论对党在过渡时期总路线作出了第一次正式的文字表述：“从中华人民共和国成立，到社会主义改造基本完成，这是一个过渡时期。党在这个过渡时期的总路线和总任务，是要在一个相当长的时期内,https://www.dswxyjy.org.cn/GB/434461/434469/434614/index.html,对,
47,实体·文献,关于统一国家财政经济工作的决定（文献）,政务院作出《关于统一国家财政经济工作的决定》，以遏制通货膨胀，稳定物价，实现国家财政收支平衡,http://cpc.people.com.cn/n1/2021/0628/c64387-32142446.html,对,
48,实体·事件,第五届全国人大常委会第十五次会议批准《广东省经济特区条例》（事件）,第五届全国人大常委会第十五次会议批准《广东省经济特区条例》。,https://www.dswxyjy.org.cn/GB/434461/434469/434629/index.html,对,
49,实体·事件,中国第一条城市地铁线路——北京地下铁道一期工程正式建成通车（事件）,中国第一条城市地铁线路——北京地下铁道一期工程正式建成通车。,http://cpc.people.com.cn/n1/2021/0628/c64387-32142446.html,对,
50,实体·组织,中国新民主主义青年团（组织）,中国新民主主义青年团第一次全国代表大会在北平召开,https://www.dswxyjy.org.cn/GB/434461/434465/434737/index.html,对,
51,实体·事件,刘少奇在抗大作《华北地区工作经验》的演讲，阐明坚持抗日民族统一战线要注意团结一切可能团结的力量（事件）,刘少奇在抗大作《华北地区工作经验》的演讲，阐明坚持抗日民族统一战线要注意团结一切可能团结的力量。演讲指出：华北是最复杂、矛盾最多的地方。在这种环境之下，更须用巧妙的方法团结各派别以及各军队一致抗日。因此，进行抗日民族统一战线，要采用各种各样,https://www.dswxyjy.org.cn/GB/434461/434464/434778/index.html,对,
52,实体·文献,邓小平谈什么是有中国特色的社会主义（文献）,邓小平会见前来参加第二次中日民间人士会议的日本委员会代表团时，阐述了建设有中国特色社会主义道路的基本思想,https://www.dswxyjy.org.cn/GB/434461/434467/434695/index.html,对,
53,实体·事件,政务院发出《为准备普选进行全国人口调查登记的指示》（事件）,政务院发出《为准备普选进行全国人口调查登记的指示》。以1953年6月30日24时为标准时间，全国开展人口调查登记。1954年11月1日公布调查登记结果，全国人口总数为601938035人。,http://cpc.people.com.cn/n1/2021/0628/c64387-32142446.html,对,
54,实体·事件,习近平在全军院校长集训开班式上强调，强军之道，要在得人（事件）,习近平在全军院校长集训开班式上强调，强军之道，要在得人。要全面贯彻新时代军事教育方针，全面实施人才强军战略，全面深化军事院校改革创新，把培养人才摆在更加突出的位置，培养德才兼备的高素质、专业化新型军事人才。,https://www.dswxyjy.org.cn/GB/434461/434472/434504/index.html,对,
55,实体·地点,亚太地区（地点）,,https://www.dswxyjy.org.cn/GB/434461/434464/434761/index.html,错,“亚太地区”是泛指区域，不是确定地点
56,实体·事件,毛泽东为中共中央起草《关于目前形势与党的任务的决定》（事件）,毛泽东为中共中央起草《关于目前形势与党的任务的决定》。指出：日本帝国主义在国际新形势下的政策是专力进攻中国，企图解决中国问题，以准备将来扩大其对国际的冒险行动。其用以解决中国问题的方针是：一、对于占领区域，是加以确保，作为灭亡全中国的准备。,https://www.dswxyjy.org.cn/GB/434461/434471/434552/index.html,对,
57,实体·事件,中国自主研制的全部采用国产处理器构建的“神威·太湖之光”夺得世界超算冠军（事件）,中国自主研制的全部采用国产处理器构建的“神威·太湖之光”夺得世界超算冠军。,https://www.dswxyjy.org.cn/GB/434461/434467/434685/index.html,对,
58,实体·文献,关于进一步做好下岗失业人员再就业工作的通知（文献）,江泽民在全国再就业工作会议上讲话，提出就业是民生之本,http://cpc.people.com.cn/n1/2021/0628/c64387-32142446.html,对,
59,实体·文献,中华人民共和国环境保护法（文献）,五届全国人大常委会第十一次会议原则通过《中华人民共和国环境保护法(试行)》,http://cpc.people.com.cn/n1/2021/0628/c64387-32142446.html,对,
60,实体·事件,邓小平会见英国首相撒切尔夫人，阐述中国政府对香港问题的基本立场（事件）,邓小平会见英国首相撒切尔夫人，阐述中国政府对香港问题的基本立场。指出，主权问题不是一个可以讨论的问题。1997年中国将收回香港，不仅是新界，而且包括香港岛、九龙。 邓小平会见英国首相撒切尔夫人，阐述中国政府对香港问题的基本立场。他指出，主权,http://cpc.people.com.cn/n1/2021/0628/c64387-32142446.html,对,
61,实体·文献,以稳定、安全、灵活、多元的思路筹划工作（文献）,江泽民在中央经济工作会议上的讲话中提出，要以稳定、安全、灵活、多元的思路筹划工作,https://www.dswxyjy.org.cn/GB/434461/434472/434504/index.html,对,
62,实体·文献,中国共产党的九十年（文献）,8月　经中央党史领导小组批准，由中央党史研究室编写的《中国共产党历史》上卷和《中国共产党的七十年》分别出版,http://cpc.people.com.cn/n1/2021/0628/c64387-32142446.html,对,
63,实体·事件,中共中央办公厅印发《关于在全体党员中开展“学党章党规、学系列讲话，做合格党员”学习教育方案》（事件）,中共中央办公厅印发《关于在全体党员中开展“学党章党规、学系列讲话，做合格党员”学习教育方案》。2017年3月20日，中共中央办公厅印发《关于推进“两学一做”学习教育常态化制度化的意见》。,http://cpc.people.com.cn/n1/2021/0628/c64387-32142446.html,对,
64,实体·文献,中华人民共和国市场主体登记管理条例（文献）,国务院常务会议通过《中华人民共和国市场主体登记管理条例》,http://cpc.people.com.cn/n1/2021/0628/c64387-32142446.html,对,
65,实体·事件,蒋介石令胡宗南率大军二十五万人从南、西、北三面进攻陕北解放区（事件）,蒋介石令胡宗南率大军二十五万人从南、西、北三面进攻陕北解放区。这是国民党的全面进攻改变为向陕北、山东两翼重点进攻的开始。18日和19日，中共中央机关和边区部队主动撤出延安，开始转战陕北，以便拖住国民党军胡宗南部，为人民解放军在其他战场举行战,https://www.dswxyjy.org.cn/GB/434461/434464/434770/index.html,对,
66,实体·事件,三是坚持加大投入，强化资金支持（事件）,三是坚持加大投入，强化资金支持。脱贫攻坚，资金投入是保障。必须坚持发挥政府投入主体和主导作用，增加金融资金对脱贫攻坚的投放，发挥资本市场支持贫困地区发展作用，吸引社会资金广泛参与脱贫攻坚，形成脱贫攻坚资金多渠道、多样化投入。,https://www.dswxyjy.org.cn/GB/434461/434463/434800/index.html,错,演讲中的分条枚举片段，非事件
67,实体·组织,中国空军（组织）,中国政府宣布划设东海防空识别区，并发布航空器识别规则公告和识别区示意图,http://cpc.people.com.cn/n1/2021/0628/c64387-32142446.html,对,
68,实体·事件,中国第一艘自主设计建造的航空母舰出坞下水（事件）,中国第一艘自主设计建造的航空母舰出坞下水。,https://www.dswxyjy.org.cn/GB/434461/434465/434752/index.html,对,
69,实体·文献,新时期促进集成电路产业和软件产业高质量发展的若干政策（文献）,国务院印发《国家集成电路产业发展推进纲要》，提出到2030年，集成电路产业链主要环节达到国际先进水平，实现跨越发展,http://cpc.people.com.cn/n1/2021/0628/c64387-32142446.html,对,
70,实体·事件,中共中央政治局召开常委会议，讨论当前抗战形势问题（事件）,中共中央政治局召开常委会议，讨论当前抗战形势问题。毛泽东作关于中日战争形势的报告，指出：现在蒋介石与我们的估计都认为抗日战争是持久战。最近《大公报》两篇社论态度变化，认为鲁南战役是准决战，否认中日战争是持久战。我们对于中日战争的估计，过去也,https://www.dswxyjy.org.cn/GB/434461/434466/434705/index.html,对,
71,实体·地点,印度（地点）,,http://cpc.people.com.cn/n1/2021/0628/c64387-32142446.html,对,
72,实体·事件,十二届全国人大常委会第十一次会议通过《关于设立国家宪法日的决定》，将12月4日设立为国家宪法日（事件）,十二届全国人大常委会第十一次会议通过《关于设立国家宪法日的决定》，将12月4日设立为国家宪法日。,http://cpc.people.com.cn/n1/2021/0628/c64387-32142446.html,对,
73,实体·文献,中国共产党章程部分条文修正案（文献）,中国共产党第十三次全国代表大会举行,http://cpc.people.com.cn/n1/2021/0628/c64387-32142446.html,对,
74,实体·事件,中国人民抗日军事政治大学(简称“抗大”)举行第二期开学典礼（事件）,中国人民抗日军事政治大学(简称“抗大”)举行第二期开学典礼。1月中旬，为适应抗日形势发展的需要，中革军委决定将“抗日红军大学”改名为“中国人民抗日军事政治大学”。中革军委主席毛泽东兼任抗大教育委员会主席。在开学典礼上，毛泽东发表讲话，指出：,https://www.dswxyjy.org.cn/GB/434461/434462/434838/index.html,对,
75,实体·事件,习近平在坦桑尼亚尼雷尔国际会议中心发表演讲，全面阐述新时期中非共谋和平、同促发展的政策主张（事件）,习近平在坦桑尼亚尼雷尔国际会议中心发表演讲，全面阐述新时期中非共谋和平、同促发展的政策主张。他强调，推进中非合作是双方人民共同心愿，是大势所趋、人心所向。新形势下，中非关系的重要性不是降低了而是提高了，双方共同利益不是减少了而是增多了，中方,https://www.dswxyjy.org.cn/GB/434461/434464/434782/index.html,对,
76,实体·事件,关于在黄河、淮河、运河、平汉之间创造根据地问题，毛泽东为中共中央起草致陈毅、粟裕电（事件）,关于在黄河、淮河、运河、平汉之间创造根据地问题，毛泽东为中共中央起草致陈毅、粟裕电。电报指出：在目前几个月内，西兵团人员补充主要靠俘虏，应采即俘即补方针，弹药补充主要靠取之于敌。应注意打有准备有把握之仗，同时严整军纪，争取群众，你们就一定能,https://www.dswxyjy.org.cn/GB/434461/434470/434584/index.html,对,
77,实体·文献,领导农业生产的关键所在（文献）,中共中央将《关于春耕生产给各级党委的指示》、《领导农业生产的关键所在》和《关于农业生产互助合作的决议》汇编成《当前农村工作指南》一书，发到全国,https://www.dswxyjy.org.cn/GB/434461/434465/434729/index.html,对,
78,实体·事件,毛泽东、周恩来、彭德怀等二十位红军将领联名发出《为红军愿意同东北军联合抗日致东北军全体将士书》（事件）,毛泽东、周恩来、彭德怀等二十位红军将领联名发出《为红军愿意同东北军联合抗日致东北军全体将士书》。文告指出：中国苏维埃政府与工农红军是愿意与任何抗日的武装队伍联合起来，组织国防政府与抗日联军，去同日本帝国主义直接作战的。我们愿意首先同东北军来,https://www.dswxyjy.org.cn/GB/434461/434462/434842/index.html,对,
79,实体·文献,关于县级直接选举工作问题的决定（文献）,第五届全国人大常委会第十三次会议在北京召开,https://www.dswxyjy.org.cn/GB/434461/434463/434793/index.html,对,
80,实体·事件,华国锋被任命为中共中央第一副主席、国务院总理（事件）,华国锋被任命为中共中央第一副主席、国务院总理。邓小平被错误地撤销党内外一切职务。,http://cpc.people.com.cn/n1/2021/0628/c64387-32142446.html,对,
81,实体·文献,关于加强节能工作的决定（文献）,国务院作出《关于加强节能工作的决定》,https://www.dswxyjy.org.cn/GB/434461/434469/434609/index.html,对,
82,实体·文献,中国制造2025（文献）,国务院印发《中国制造2025》，提出通过“三步走”实现制造强国的战略目标,https://www.dswxyjy.org.cn/GB/434461/434466/434703/index.html,对,
83,实体·事件,毛泽东在《解放日报》发表新年祝词（事件）,毛泽东在《解放日报》发表新年祝词。祝词指出：在一九四六年，战后世界的光明面和黑暗面进行了胜利的斗争，战后中国的光明面和黑暗面也进行了胜利的斗争。战后的世界和中国都发展了争取和平与争取民主、自由的规模极大的人民运动。这个运动必然走向胜利。这个,https://www.dswxyjy.org.cn/GB/434461/434462/434818/index.html,对,
84,实体·事件,全国解放战争三大战役中历时最长、规模最大、歼敌数量最多的淮海战役，以全部歼灭杜聿明集团结束第三阶段（事件）,全国解放战争三大战役中历时最长、规模最大、歼敌数量最多的淮海战役，以全部歼灭杜聿明集团结束第三阶段。在淮海战役中，国民党军投入总兵力达80万人，人民解放军投入总兵力为60万人，是三大战役中解放军参战总兵力唯一少于国民党军的一次。在历时66天,https://www.dswxyjy.org.cn/GB/434461/434462/434827/index.html,对,
85,实体·事件,周恩来在七月四日起草的《中共中央为公布国共合作宣言》于本日送交蒋介石（事件）,周恩来在七月四日起草的《中共中央为公布国共合作宣言》于本日送交蒋介石。宣言提出：当此国难极端严重威胁民族生命存亡绝续之时，我们为着挽救祖国的危亡，希望迅速发动全民族抗战，争取中华民族之独立自由与解放，实行民权政治。同时向全国郑重宣言：愿为彻,https://www.dswxyjy.org.cn/GB/434461/434468/434649/index.html,对,
86,实体·文献,告全党同志书（文献）,中共中央发出《告全党同志书》，号召全党“为巩固国内和平，争取民主权利，实现对日抗战而斗争”，指出“在目前新阶段内，我党工作中心的一环，应该是抗日的民主运动的发展”,https://www.dswxyjy.org.cn/GB/434461/434465/434741/index.html,对,
87,实体·文献,粉碎五次“围剿”与苏维埃经济建设任务（文献）,毛泽东在瑞金召开的中央苏区南部十七县经济建设大会上作题为《粉碎五次“围剿”与苏维埃经济建设任务》的报告，着重说明经济建设对支持革命战争、发展红色区域的重大作用,https://www.dswxyjy.org.cn/GB/434461/434469/434615/index.html,对,
88,实体·事件,八路军晋察冀部队在第一二〇师配合下，粉碎2万余日军对北岳区的大“扫荡”（事件）,八路军晋察冀部队在第一二〇师配合下，粉碎2万余日军对北岳区的大“扫荡”。在黄土岭伏击战中击毙日军中将旅团长，这是抗日战争中八路军击毙的日军最高级别指挥官。,http://cpc.people.com.cn/n1/2021/0628/c64387-32142446.html,对,
89,实体·事件,中央军委改革工作会议举行（事件）,中央军委改革工作会议举行。习近平出席会议并发表讲话。他强调，深化国防和军队改革是实现中国梦、强军梦的时代要求，是强军兴军的必由之路，也是决定军队未来的关键一招。要深入贯彻党在新形势下的强军目标，动员全军和各方面力量，坚定信心、凝聚意志，统一,https://www.dswxyjy.org.cn/GB/434461/434472/434501/index.html,对,
90,实体·文献,关于在全党开展深入学习实践科学发展观活动的意见（文献）,中共中央印发《关于在全党开展深入学习实践科学发展观活动的意见》,http://cpc.people.com.cn/n1/2021/0628/c64387-32142446.html,对,
91,实体·文献,中华人民共和国农业税条例（文献）,十届全国人大常委会第十九次会议决定，自2006年1月1日起废止《中华人民共和国农业税条例》,http://cpc.people.com.cn/n1/2021/0628/c64387-32142446.html,对,
92,实体·事件,以美国为首的北约飞机用导弹袭击中国驻南斯拉夫大使馆，造成使馆馆舍破坏和使馆人员伤亡（事件）,以美国为首的北约飞机用导弹袭击中国驻南斯拉夫大使馆，造成使馆馆舍破坏和使馆人员伤亡。5月9日，国家副主席胡锦涛发表电视讲话，强烈谴责以美国为首的北约袭击我驻南使馆的暴行。表示中国政府将坚定不移地奉行独立、自主、和平的外交政策，坚定不移地维护,https://www.dswxyjy.org.cn/GB/434461/434466/434703/index.html,对,
93,实体·文献,关于促进农民增加收入若干政策的意见（文献）,中国自主设计建造的第一艘万吨级远洋货轮“东风”号成功交付,https://www.dswxyjy.org.cn/GB/434461/434473/435009/index.html,对,
94,实体·事件,中共中央、国务院印发《关于加强和创新社会管理的意见》（事件）,中共中央、国务院印发《关于加强和创新社会管理的意见》。,http://cpc.people.com.cn/n1/2021/0628/c64387-32142446.html,对,
95,实体·事件,毛泽东在广州国民党政治讲习班纪念巴黎公社五十五周年集会上发表讲演，着重总结了巴黎公社失败的教训（事件）,毛泽东在广州国民党政治讲习班纪念巴黎公社五十五周年集会上发表讲演，着重总结了巴黎公社失败的教训。讲演指出：巴黎公社是开的光明的花，俄国革命是结的幸福的果。马克思说：“人类的历史，是一部阶级斗争史。”这是事实，是不能否认的。其实四千多年的中国,https://www.dswxyjy.org.cn/GB/434461/434464/434775/index.html,对,
96,实体·文献,国家创新驱动发展战略纲要（文献）,中共中央、国务院印发《关于深化体制机制改革加快实施创新驱动发展战略的若干意见》,http://cpc.people.com.cn/n1/2021/0628/c64387-32142446.html,对,
97,实体·事件,庆祝中国人民解放军建军90周年大会在京隆重举行（事件）,庆祝中国人民解放军建军90周年大会在京隆重举行。习近平在会上发表讲话强调，人民军队的历史辉煌，是鲜血生命铸就的，永远值得我们铭记。人民军队的历史经验，是艰辛探索得来的，永远需要我们弘扬。人民军队的历史发展，是忠诚担当推动的，永远激励我们向前,https://www.dswxyjy.org.cn/GB/434461/434469/434604/index.html,对,
98,实体·文献,关于加快培育和发展战略性新兴产业的决定（文献）,国务院作出《关于加快培育和发展战略性新兴产业的决定》,http://cpc.people.com.cn/n1/2021/0628/c64387-32142446.html,对,
99,实体·事件,圆桌峰会闭幕后，习近平会见中外记者，介绍第二届“一带一路”国际合作高峰论坛圆桌峰会情况和主要成果（事件）,圆桌峰会闭幕后，习近平会见中外记者，介绍第二届“一带一路”国际合作高峰论坛圆桌峰会情况和主要成果。他强调，这届论坛对外传递了一个明确信号：共建“一带一路”的朋友圈越来越大，好伙伴越来越多，合作质量越来越高，发展前景越来越好。中国愿同各方一道,https://www.dswxyjy.org.cn/GB/434461/434465/434753/index.html,对,
100,实体·文献,关于新时期军队政治工作的决定（文献）,中共中央批转中央军委《关于新时期军队政治工作的决定》，并发出通知指出：在改革、开放、搞活的新形势下，思想政治工作只能加强，不能削弱,https://www.dswxyjy.org.cn/GB/434461/434463/434803/index.html,对,
101,实体·事件,中国自主研制的运-20大型运输机首次试飞取得圆满成功（事件）,中国自主研制的运-20大型运输机首次试飞取得圆满成功。2016年7月6日，运-20大型运输机正式列装空军航空兵部队。,http://cpc.people.com.cn/n1/2021/0628/c64387-32142446.html,对,
102,实体·事件,在革命面临严重危机的关头，中共中央政治局常委会举行扩大会议（事件）,在革命面临严重危机的关头，中共中央政治局常委会举行扩大会议。陈独秀主张：国民革命军招兵时，农民协会的会员和自卫武装可应征加入。被紧急从湖南召回的毛泽东提出农民武装可以“上山”或加入同党有联系的军队中去，以保存革命的力量。他还指出：不保存武力,https://www.dswxyjy.org.cn/GB/434461/434468/434638/index.html,对,
103,实体·文献,关于新时代推动中部地区高质量发展的意见（文献）,中共中央、国务院印发《关于新时代推动中部地区高质量发展的意见》,http://cpc.people.com.cn/n1/2021/0628/c64387-32142446.html,对,
104,实体·事件,西北野战兵团取得了羊马河战役的胜利（事件）,西北野战兵团取得了羊马河战役的胜利。图为羊马河战役战场。,https://www.dswxyjy.org.cn/GB/434461/434465/434740/index.html,对,
105,实体·事件,苏共中央政治局委员米高扬受斯大林委托飞抵石家庄，随即转乘汽车至西柏坡中共中央驻地（事件）,苏共中央政治局委员米高扬受斯大林委托飞抵石家庄，随即转乘汽车至西柏坡中共中央驻地。当天，毛泽东与刘少奇、朱德、周恩来、任弼时等会见米高扬。其后，毛泽东同米高扬多次会谈。在会谈中说：到目前为止，中国革命发展较为迅速，军事进展也较快，比过去我们,https://www.dswxyjy.org.cn/GB/434461/434462/434848/index.html,对,
106,实体·事件,陈云为祝贺我国第三颗通讯卫星发射成功给国防科工委题词（事件）,陈云为祝贺我国第三颗通讯卫星发射成功给国防科工委题词。,https://www.dswxyjy.org.cn/GB/434461/434463/434808/index.html,对,
107,实体·文献,两岸和平发展共同愿景（文献）,中共中央总书记胡锦涛在北京同中国国民党主席连战举行正式会谈,https://www.dswxyjy.org.cn/GB/434461/434465/434755/index.html,对,
108,实体·文献,中国社会各阶级的分析（文献）,毛泽东发表《中国社会各阶级的分析》,http://cpc.people.com.cn/n1/2021/0628/c64387-32142446.html,对,
109,实体·事件,中共中央举行纪念邓小平同志诞辰110周年座谈会（事件）,中共中央举行纪念邓小平同志诞辰110周年座谈会。习近平发表讲话强调，邓小平同志为我们擘画的社会主义现代化蓝图正在一步步变成美好现实，我们伟大的祖国正在一天天走向繁荣富强，中华民族正在一步步走向伟大复兴。我们相信，在20世纪赢得了伟大历史性胜,https://www.dswxyjy.org.cn/GB/434461/434469/434623/index.html,对,
110,实体·事件,中共中央发出《关于土地问题的指示》(即《五四指示》)（事件）,中共中央发出《关于土地问题的指示》(即《五四指示》)。将党在抗战时期实行的削弱封建的减租减息政策，改变为实行“耕者有其田”的政策。指示要求“各地党委必须明确认识，解决解放区的土地问题是我党目前最基本的历史任务，是目前一切工作的最基本的环节。,https://www.dswxyjy.org.cn/GB/434461/434466/434699/index.html,对,
111,实体·地点,陕甘宁边区（地点）,,http://cpc.people.com.cn/n1/2021/0628/c64387-32142446.html,对,
112,实体·事件,中共中央召开会议，听取从南京归来的周恩来关于国共谈判情况和形势问题的报告（事件）,中共中央召开会议，听取从南京归来的周恩来关于国共谈判情况和形势问题的报告。毛泽东作长篇讲话，肯定代表团的工作达到了教育人民的目的，并指出：前一段时间，在中国人民中间以及我们党内都有打不打得起来的问题，现在这个问题已经解决了，剩下的便是我们能,https://www.dswxyjy.org.cn/GB/434461/434472/434498/index.html,对,
113,实体·事件,中共中央印发《中国共产党廉洁自律准则》和《中国共产党纪律处分条例》（事件）,中共中央印发《中国共产党廉洁自律准则》和《中国共产党纪律处分条例》。2018年8月18日，中共中央印发修订后的《中国共产党纪律处分条例》。,http://cpc.people.com.cn/n1/2021/0628/c64387-32142446.html,对,
114,实体·事件,习近平指出，提高国家文化软实力，要努力展示中华文化独特魅力（事件）,习近平指出，提高国家文化软实力，要努力展示中华文化独特魅力。在5000多年文明发展进程中，中华民族创造了博大精深的灿烂文化，要使中华民族最基本的文化基因与当代文化相适应、与现代社会相协调，以人们喜闻乐见、具有广泛参与性的方式推广开来，把跨越,https://www.dswxyjy.org.cn/GB/434461/434473/435008/index.html,对,
115,实体·事件,毛泽东出席中国人民政治协商会议第一届全体会议闭幕式（事件）,毛泽东出席中国人民政治协商会议第一届全体会议闭幕式。会议选举中国人民政协第一届全国委员会委员，选举中华人民共和国中央人民政府主席、副主席及全体委员。毛泽东当选为中国人民政协全国委员会委员、中央人民政府主席。大会通过由毛泽东起草的《中国人民政,https://www.dswxyjy.org.cn/GB/434461/434470/434603/index.html,对,
116,实体·事件,毛泽东和彭德怀复电王以哲并转张学良（事件）,毛泽东和彭德怀复电王以哲并转张学良。电报说：敝方代表周恩来偕李克农依约于八日赴肤施(即延安)与张学良会商救国大计。双方会谈之问题，敝方拟定为：(一)停止一切内战，全国军队不分红白一致抗日救国问题。(二)全国红军集中河北，首先抵御日本帝国主义,https://www.dswxyjy.org.cn/GB/434461/434465/434732/index.html,对,
117,实体·组织,中国科学院（组织）,中共中央发出《关于召开全国科学大会的通知》，要求抓紧落实党的知识分子政策，迅速恢复被撤掉的科研机构，恢复科研人员的技术职称，建立考核制度，实行技术岗位责任制,http://cpc.people.com.cn/n1/2021/0628/c64387-32142446.html,对,
118,实体·事件,中国人民政治协商会议第一届全国委员会举行第二次会议（事件）,中国人民政治协商会议第一届全国委员会举行第二次会议。会议的中心议题是讨论改革封建土地制度问题。会上，刘少奇作《关于土地改革问题的报告》，阐明了土地改革的重大意义和党的方针政策。毛泽东在闭幕词中号召包括民族资产阶级、各民主党派在内的各阶层人士,https://www.dswxyjy.org.cn/GB/434461/434467/434679/index.html,对,
119,实体·事件,中共十四届四中全会召开（事件）,中共十四届四中全会召开。全会通过《关于加强党的建设几个重大问题的决定》，把党的建设提到新的伟大工程的高度。 中共十四届四中全会召开。全会通过《关于加强党的建设几个重大问题的决定》，把党的建设提到新的伟大工程的高度。 1995年 9月25日-,http://cpc.people.com.cn/n1/2021/0628/c64387-32142446.html,对,
120,实体·文献,关于集中力量执行支左、支农、支工、军管、军训任务的决定（文献）,中央军委作出《关于集中力量执行支左、支农、支工、军管、军训任务的决定》,http://cpc.people.com.cn/n1/2021/0628/c64387-32142446.html,对,
121,实体·事件,中共扩大的六届六中全会在延安召开（事件）,中共扩大的六届六中全会在延安召开。全会首次提出马克思主义中国化的命题，重申个人服从组织、少数服从多数、下级服从上级、全党服从中央的纪律，正确分析抗日战争的形势，规定党在抗战新阶段的任务，为实现党对抗日战争的领导进行了全面的战略规划，进一步巩,http://cpc.people.com.cn/n1/2021/0628/c64387-32142446.html,对,
122,实体·事件,中共中央发表宣言，抗议英帝国主义干涉中国革命（事件）,中共中央发表宣言，抗议英帝国主义干涉中国革命。,https://www.dswxyjy.org.cn/GB/434461/434462/434829/index.html,对,
123,实体·文献,关于征求〈1956-1967年科学技术发展远景规划纲要(修正草案)〉意见的报告（文献）,中共中央同意国务院科学规划委员会党组《关于征求〈1956-1967年科学技术发展远景规划纲要(修正草案)〉意见的报告》,http://cpc.people.com.cn/n1/2021/0628/c64387-32142446.html,对,
124,实体·事件,国务院成立科学规划委员会（事件）,国务院成立科学规划委员会。12月22日，中共中央同意国务院科学规划委员会党组《关于征求〈1956-1967年科学技术发展远景规划纲要(修正草案)〉意见的报告》。,https://www.dswxyjy.org.cn/GB/434461/434464/434771/index.html,对,
125,实体·事件,毛泽东会见美国记者安娜·路易斯·斯特朗，提出“一切反动派都是纸老虎”的著名论断（事件）,毛泽东会见美国记者安娜·路易斯·斯特朗，提出“一切反动派都是纸老虎”的著名论断。谈话指出：决定战争胜败的是人民，而不是一两件新式武器。一切反动派都是纸老虎。看起来，反动派的样子是可怕的，但是实际上并没有什么了不起的力量。从长远的观点看问题，,https://www.dswxyjy.org.cn/GB/434461/434469/434609/index.html,对,
126,实体·事件,周恩来致电中共中央并叶剑英、李克农（事件）,周恩来致电中共中央并叶剑英、李克农。电报指出：美蒋在三个问题上已取得一致意见，即不承认全国内战，不承认调解失败，不愿撤兵(即美军)。现时斗争已临最后一幕，中心对美，只要使马歇尔、司徒雷登不论从军事上政治上都已无话可说，则一切责任自明，美国骗,https://www.dswxyjy.org.cn/GB/434461/434469/434634/index.html,对,
127,实体·组织,全国人民代表大会常务委员会（组织）,邓小平在全国政协讨论五届全国人大常委会五次会议通过的《全国人民代表大会常务委员会告台湾同胞书》的座谈会上讲话，提出把解决台湾问题、完成祖国统一大业提上具体日程,https://www.dswxyjy.org.cn/GB/434461/434462/434818/index.html,对,
128,实体·事件,中国农业科学院在北京成立（事件）,中国农业科学院在北京成立。,https://www.dswxyjy.org.cn/GB/434461/434464/434758/index.html,对,
129,实体·组织,中国工程院（组织）,习近平在中国科学院第二十次院士大会、中国工程院第十五次院士大会、中国科协第十次全国代表大会上讲话指出，要加快建设科技强国，实现高水平科技自立自强,http://cpc.people.com.cn/n1/2021/0628/c64387-32142446.html,对,
130,实体·事件,中国社会主义青年团第二次全国代表大会在南京召开（事件）,中国社会主义青年团第二次全国代表大会在南京召开。大会拥护中国共产党第三次全国代表大会所确定的同国民党合作的方针，决定社会主义青年团员同共产党员一样，以个人身份加入国民党，并在加入后，仍保持团的独立性，同共产党的言论行动保持一致。,https://www.dswxyjy.org.cn/GB/434461/434469/434623/index.html,对,
131,实体·事件,中共中央政治局就加强反腐倡廉法规制度建设进行第二十四次集体学习（事件）,中共中央政治局就加强反腐倡廉法规制度建设进行第二十四次集体学习。习近平在主持学习时强调，我们党长期执政，既具有巨大政治优势，也面临严峻挑战，必须依靠党的各级组织和人民的力量，不断加强和改进党的建设、管理、监督。铲除不良作风和腐败现象滋生蔓延,https://www.dswxyjy.org.cn/GB/434461/434467/434691/index.html,对,
132,实体·文献,关于科技体制改革若干问题的决定（文献）,国务院作出《关于科技体制改革若干问题的决定》,https://www.dswxyjy.org.cn/GB/434461/434466/434698/index.html,对,
133,实体·文献,科学技术是第一生产力（文献）,邓小平在会见捷克斯洛伐克总统胡萨克时 提出科学技术是第一生产力,https://www.dswxyjy.org.cn/GB/434461/434470/434578/index.html,对,
134,实体·组织,总后勤部（组织）,解放军总参谋部、总政治部、总后勤部发出通知，规定预备役部队正式列入人民解放军建制序列,http://cpc.people.com.cn/n1/2021/0628/c64387-32142446.html,对,
135,实体·文献,关于修改〈中华人民共和国民族区域自治法〉的决定（文献）,六届全国人大二次会议通过《中华人民共和国民族区域自治法》,http://cpc.people.com.cn/n1/2021/0628/c64387-32142446.html,对,
136,实体·事件,毛泽东、朱德发布《向全国进军的命令》（事件）,毛泽东、朱德发布《向全国进军的命令》。20日夜至21日，由刘伯承、陈毅、邓小平、粟裕、谭震林组成的总前敌委员会(邓小平为书记)指挥的第二、第三野战军，在第四野战军先遣兵团和中原军区部队配合下，发起渡江战役。百万雄师强渡长江。23日解放南京，,http://cpc.people.com.cn/n1/2021/0628/c64387-32142446.html,对,
137,实体·事件,周恩来在接见参加中印有关问题谈判的印度代表团时首次提出和平共处五项原则（事件）,周恩来在接见参加中印有关问题谈判的印度代表团时首次提出和平共处五项原则。,https://www.dswxyjy.org.cn/GB/434461/434473/435009/index.html,对,
138,实体·文献,中华人民共和国律师暂行条例（文献）,五届全国人大常委会第十五次会议决定，同意在广东省深圳、珠海、汕头和福建省厦门设置经济特区，批准了《中华人民共和国广东省经济特区条例》，决定设立国家能源委员会，通过了《中华人民共和国律师暂行条例》,https://www.dswxyjy.org.cn/GB/434461/434469/434629/index.html,对,
139,实体·文献,关于加强和规范全国人大代表活动的若干意见（文献）,新华社报道，中共中央转发《中共全国人大常委会党组关于进一步发挥全国人大代表作用，加强全国人大常委会制度建设的若干意见》的通知，要求各地区各部门认真贯彻执行,https://www.dswxyjy.org.cn/GB/434461/434467/434682/index.html,对,
140,实体·事件,习近平致信祝贺人民日报创刊70周年（事件）,习近平致信祝贺人民日报创刊70周年。他在贺信中指出，当前，中国特色社会主义进入了新时代，全面建设社会主义现代化强国新征程已经开启。人民日报要深入学习贯彻新时代中国特色社会主义思想和党的十九大精神，忠实履行党的新闻舆论工作职责使命，坚持正确政,https://www.dswxyjy.org.cn/GB/434461/434467/434680/index.html,对,
141,实体·事件,中央人民政府扫除文盲工作委员会成立（事件）,中央人民政府扫除文盲工作委员会成立。群众性的扫盲运动有计划、有步骤地在全国大规模展开。,https://www.dswxyjy.org.cn/GB/434461/434472/434492/index.html,对,
142,实体·文献,内地与澳门关于建立更紧密经贸关系的安排（文献）,内地与香港签署《内地与香港关于建立更紧密经贸关系的安排》,http://cpc.people.com.cn/n1/2021/0628/c64387-32142446.html,对,
143,实体·事件,邓小平在同中央负责同志谈《关于建国以来党的若干历史问题的决议》稿起草问题时指出，中心的意思应该是三条（事件）,邓小平在同中央负责同志谈《关于建国以来党的若干历史问题的决议》稿起草问题时指出，中心的意思应该是三条。第一，确立毛泽东的历史地位，坚持和发展毛泽东思想。这是最核心的一条。第二，对建国30年来历史上的大事，要进行实事求是的分析，包括一些负责同,https://www.dswxyjy.org.cn/GB/434461/434464/434776/index.html,对,
144,实体·文献,民主和法制两手都不能削弱（文献）,邓小平会见日本公明党委员长竹入义胜率领的日本公明党第八次访华团时，就中国的民主与法制建设问题指出：民主和法制，这两个方面都应该加强,https://www.dswxyjy.org.cn/GB/434461/434467/434693/index.html,对,
145,实体·事件,毛泽东同巴基斯坦武装部队友好代表团谈话（事件）,毛泽东同巴基斯坦武装部队友好代表团谈话。谈话指出：一个国家的武器专靠外国是很危险的。自己搞，有个十年八年，最多十几年，就可以有个初步基础。要树立自力更生的思想。什么都靠外国顾问，什么都要进口，我看不是个办法。我们的国家吃过这个亏。蒋介石那个,https://www.dswxyjy.org.cn/GB/434461/434472/434487/index.html,对,
146,实体·事件,邓小平会见香港总督麦理浩（事件）,邓小平会见香港总督麦理浩。,https://www.dswxyjy.org.cn/GB/434461/434464/434786/index.html,对,
147,实体·文献,内地与香港关于建立更紧密经贸关系的安排（文献）,内地与香港签署《内地与香港关于建立更紧密经贸关系的安排》,http://cpc.people.com.cn/n1/2021/0628/c64387-32142446.html,对,
148,实体·事件,东北抗日联军第一路军总司令杨靖宇，在濛江县(今吉林省靖宇县)境内战斗中壮烈牺牲（事件）,东北抗日联军第一路军总司令杨靖宇，在濛江县(今吉林省靖宇县)境内战斗中壮烈牺牲。日军为稳定东北这块侵略基地，对抗联进行疯狂的“讨伐”，加紧实施“治安肃正”计划，使已经与中共中央失去联系的东北抗日联军处境更为困难，但他们仍英勇地坚持分散的游击,https://www.dswxyjy.org.cn/GB/434461/434463/434811/index.html,对,
149,实体·组织,中华全国供销合作总社（组织）,中华全国合作社第一次代表大会在北京举行,https://www.dswxyjy.org.cn/GB/434461/434468/434654/index.html,对,
150,实体·事件,第一次全国教育工作会议召开（事件）,第一次全国教育工作会议召开。会议提出教育必须为国家建设服务，学校必须为工农开门。1950年9月，第一次全国工农教育会议召开，提出“推行识字教育，逐步减少文盲”的口号。1952年11月，中央人民政府扫除文盲工作委员会成立。群众性的扫盲运动有计,http://cpc.people.com.cn/n1/2021/0628/c64387-32142446.html,对,
151,实体·事件,毛泽东为中国人民解放军海军的题词（事件）,毛泽东为中国人民解放军海军的题词。,https://www.dswxyjy.org.cn/GB/434461/434463/434809/index.html,对,
152,实体·事件,毛泽东出席在武昌举行的河南武装农民代表大会，并作湖南农运状况报告（事件）,毛泽东出席在武昌举行的河南武装农民代表大会，并作湖南农运状况报告。图为大会会场——武昌农讲所大操场。,https://www.dswxyjy.org.cn/GB/434461/434464/434775/index.html,对,
153,实体·文献,关于知识分子的改造问题（文献）,周恩来在北京、天津高等学校教师学习会上作《关于知识分子的改造问题》报告,http://cpc.people.com.cn/n1/2021/0628/c64387-32142446.html,对,
154,实体·文献,关于制定国民经济和社会发展第十一个五年规划的建议（文献）,中共十六届五中全会召开,http://cpc.people.com.cn/n1/2021/0628/c64387-32142446.html,对,
155,实体·文献,关于加强统一战线工作的通知（文献）,全国统战工作会议在北京召开,https://www.dswxyjy.org.cn/GB/434461/434467/434676/index.html,对,
156,实体·事件,邓小平视察上海南浦大桥工地时同大桥工程设计人员握手（事件）,邓小平视察上海南浦大桥工地时同大桥工程设计人员握手。,https://www.dswxyjy.org.cn/GB/434461/434463/434806/index.html,对,
157,实体·事件,中共中央宣传部、教育部联合颁发《关于加强和改进高等院校马列主义理论教育的若干规定》（事件）,中共中央宣传部、教育部联合颁发《关于加强和改进高等院校马列主义理论教育的若干规定》。《规定》指出：现行的课程设置和教材必须进行改革。改革的原则是：坚持理论联系实际的方针，增强课程体系和教材内容的科学性和现实性，使马克思主义理论真正成为学生认,https://www.dswxyjy.org.cn/GB/434461/434470/434577/index.html,对,
158,实体·事件,全国组织工作会议在北京召开（事件）,全国组织工作会议在北京召开。习近平在会上强调，各级党委和组织部门要坚持以党的执政能力建设和先进性建设为主线，在坚持改革创新上下功夫，在突破重点难点上下功夫，在做好基础工作上下功夫，在提高工作水平上下功夫，为夺取全面建设小康社会新胜利提供坚强,https://www.dswxyjy.org.cn/GB/434461/434463/434805/index.html,对,
159,实体·组织,红一方面军（组织）,红一、红三军和军委纵队北上到达甘肃哈达铺，正式改编为陕甘支队，彭德怀任司令员，毛泽东任政治委员,http://cpc.people.com.cn/n1/2021/0628/c64387-32142446.html,对,
160,实体·文献,关于增强党的团结的决议（文献）,中共七届四中全会召开,http://cpc.people.com.cn/n1/2021/0628/c64387-32142446.html,对,
161,实体·事件,中国共产党全国代表会议通过决议，决定成立党的中央和地方监察委员会，董必武任中央监察委员会书记（事件）,中国共产党全国代表会议通过决议，决定成立党的中央和地方监察委员会，董必武任中央监察委员会书记。原有的中央及地方各级党的纪律检查委员会撤销。,https://www.dswxyjy.org.cn/GB/434461/434464/434788/index.html,对,
162,实体·文献,中国社会主义青年团纲领（文献）,中国社会主义青年团第一次代表大会在广州举行，到会代表25人，代表全国15个地区团组织的5000多名团员,https://www.dswxyjy.org.cn/GB/434461/434466/434700/index.html,对,
163,实体·事件,习近平主持召开网络安全和信息化工作座谈会，强调在践行新发展理念上先行一步，让互联网更好造福国家和人民（事件）,习近平主持召开网络安全和信息化工作座谈会，强调在践行新发展理念上先行一步，让互联网更好造福国家和人民。,http://cpc.people.com.cn/n1/2021/0628/c64387-32142446.html,对,
164,实体·事件,毛泽东同索马里总理舍马克谈话（事件）,毛泽东同索马里总理舍马克谈话。谈话指出：我们赞成全世界人民从帝国主义、殖民主义的统治下解放出来。只有到那个时候，世界人民才会安宁，我们自己也才会最后得到安宁。受压迫的人民自己总是要起来的。我们认为，支持就是声援，给予经济上的帮助，必要时并给,https://www.dswxyjy.org.cn/GB/434461/434469/434612/index.html,对,
165,实体·事件,《中华人民共和国土地改革法》公布施行（事件）,《中华人民共和国土地改革法》公布施行。到1952年底，除一部分少数民族地区外，土地改革在中国大陆基本完成，封建土地所有制被彻底摧毁。,http://cpc.people.com.cn/n1/2021/0628/c64387-32142446.html,对,
166,实体·事件,国务院批转教育部、国家计委《关于加速发展高等教育的报告》（事件）,国务院批转教育部、国家计委《关于加速发展高等教育的报告》。《报告》提出，为了实现党的十二大确定的奋斗目标，教育必须先行，加速发展高等教育刻不容缓。5月3日，国务院批准成立全国高等教育自学考试指导委员会，并同意在全国各省、市、自治区逐步推行高,https://www.dswxyjy.org.cn/GB/434461/434465/434754/index.html,对,
167,实体·事件,西北野战军撤离延安，进行战略转移（事件）,西北野战军撤离延安，进行战略转移。,https://www.dswxyjy.org.cn/GB/434461/434464/434776/index.html,对,
168,实体·事件,庆祝中国共产党成立95周年大会召开（事件）,庆祝中国共产党成立95周年大会召开。习近平讲话指出，要永远保持建党时中国共产党人的奋斗精神，永远保持对人民的赤子之心。一切向前走，都不能忘记走过的路；走得再远、走到再光辉的未来，也不能忘记走过的过去，不能忘记为什么出发。面向未来，面对挑战，,http://cpc.people.com.cn/n1/2021/0628/c64387-32142446.html,对,
169,实体·事件,中共中央成立南方局，重新成立北方局（事件）,中共中央成立南方局，重新成立北方局。土地革命战争时期，中共中央还成立了长江局、苏区中央局、苏区中央分局、湘鄂西中央分局、鄂豫皖中央分局、上海中央局、西北局。,http://cpc.people.com.cn/n1/2021/0628/c64387-32142446.html,对,
170,实体·事件,中外记者西北参观团抵达延安（事件）,中外记者西北参观团抵达延安。记者团成员有美联社、合众社、路透社、塔斯社等外国新闻社的六名驻华记者，《大公报》、《中央日报》、《扫荡报》、《新民晚报》等国统区新闻单位的十多名中国记者及国民党官员、翻译等共二十余人。该团在延安参观访问一个月左右,https://www.dswxyjy.org.cn/GB/434461/434467/434674/index.html,对,
171,实体·事件,白求恩在河北唐县逝世（事件）,白求恩在河北唐县逝世。1938年3月，加拿大共产党员诺尔曼·白求恩率领的加拿大—美国援华医疗队到达延安，受到毛泽东等的热情接待。4月，白求恩转赴晋察冀抗日根据地，为八路军和敌后群众服务。后因在医治伤员时手指感染中毒逝世。毛泽东撰文高度赞扬了,https://www.dswxyjy.org.cn/GB/434461/434472/434489/index.html,对,
172,实体·事件,习近平出席二十国集团领导人第八次峰会（事件）,习近平出席二十国集团领导人第八次峰会。他在讲话中指出，当前贸易保护主义明显抬头，多哈回合谈判停滞不前，多边贸易体系面临诸多挑战，这不利于世界经济复苏，不符合各国利益。二十国集团占全球贸易量的80%，要有忧患意识，承担责任，推动新一轮世界贸易,https://www.dswxyjy.org.cn/GB/434461/434470/434579/index.html,对,
173,实体·事件,中国成功发射世界首颗量子科学实验卫星“墨子号”（事件）,中国成功发射世界首颗量子科学实验卫星“墨子号”。2017年6月、8月，“墨子号”卫星先后在国际上首次成功实现千公里级卫星和地面之间的量子纠缠分发、量子密钥分发和量子隐形传态。,http://cpc.people.com.cn/n1/2021/0628/c64387-32142446.html,对,
174,实体·文献,八路军大合唱（文献）,俄国苏维埃政府发表第一次对华宣言，宣布废除沙皇俄国同中国签订的不平等条约，废除俄国在中国的特权,https://www.dswxyjy.org.cn/GB/434461/434468/434659/index.html,对,
175,实体·事件,中共中央在延安召开生产动员大会，毛泽东在会上发出“自己动手”的号召（事件）,中共中央在延安召开生产动员大会，毛泽东在会上发出“自己动手”的号召。1940年2月10日，中央军委向全军发出指示，要求各部队依据不同环境和条件，积极开展生产运动，做到一面战斗，一面生产，一面学习。1941年3月，八路军第三五九旅根据中央命令,https://www.dswxyjy.org.cn/GB/434461/434463/434790/index.html,对,
176,实体·文献,第二次战争中的地方武装工作（文献）,中央革命军事委员会主席项英，副主席朱德、毛泽东发布关于《第二次战争中的地方武装工作》的通令,https://www.dswxyjy.org.cn/GB/434461/434465/434743/index.html,对,
177,实体·事件,毛泽东为中共中央起草关于五反定案、补退工作等的指示，为结束五反运动，提出一系列从宽处理的政策规定（事件）,毛泽东为中共中央起草关于五反定案、补退工作等的指示，为结束五反运动，提出一系列从宽处理的政策规定。指示指出：在五反斗争中，工作组和工人对资本家违法所得数一般都算得很高，在定案时必须合理地降下来，使合乎经济情况的实际，必须使一般资本家在补退之,https://www.dswxyjy.org.cn/GB/434461/434466/434704/index.html,对,
178,实体·事件,中国首次火星探测任务天问一号探测器成功发射，迈出了我国自主开展行星探测第一步（事件）,中国首次火星探测任务天问一号探测器成功发射，迈出了我国自主开展行星探测第一步。2021年5月15日，天问一号成功着陆火星。22日，祝融号火星车驶抵火星表面并开展科学巡测，标志着首次火星探测任务取得圆满成功。,http://cpc.people.com.cn/n1/2021/0628/c64387-32142446.html,对,
179,实体·事件,毛泽东发表《对日寇的最后一战》的声明，号召中国人民的一切抗日力量举行全国规模的反攻（事件）,毛泽东发表《对日寇的最后一战》的声明，号召中国人民的一切抗日力量举行全国规模的反攻。图为当时的报道。,https://www.dswxyjy.org.cn/GB/434461/434469/434612/index.html,对,
180,实体·文献,〈共产党人〉发刊词（文献）,毛泽东发表《〈共产党人〉发刊词》，指出统一战线、武装斗争、党的建设是中国共产党在中国革命中战胜敌人的三个法宝，并把党的建设称为“伟大的工程”,http://cpc.people.com.cn/n1/2021/0628/c64387-32142446.html,对,
181,实体·事件,中非合作论坛北京峰会举行（事件）,中非合作论坛北京峰会举行。峰会通过《中非合作论坛北京峰会宣言》和《中非合作论坛-北京行动计划(2007-2009年)》。 中非合作论坛北京峰会举行。习近平主持峰会并在开幕式上发表主旨讲话，提出中非要携手打造责任共担、合作共赢、幸福共享、文化,http://cpc.people.com.cn/n1/2021/0628/c64387-32142446.html,对,
182,关系·领导,(周恩来)-[领导]->(周恩来主持新政协筹备会第二次全体会议),,https://www.dswxyjy.org.cn/GB/434461/434470/434590/index.html,对,
183,关系·创作,(毛泽东)-[创作]->(对日寇的最后一战),,http://cpc.people.com.cn/n1/2021/0628/c64387-32142446.html,对,
184,关系·发生于,(中葡两国政府澳门政权交接仪式在澳门举行，宣告中国政府对澳门恢复行使主权)-[发生于]->(澳门),午夜-20日凌晨　中葡两国政府澳门政权交接仪式在澳门举行，宣告中国政府对澳门恢复行使主权。中华人民共和国澳门特别行政区成立。交接仪式后，举行中华人民共和国澳门特别行政区成立暨特区政府宣誓就职仪式。中国人民解放军驻澳部队于20日零时开始履行澳,http://cpc.people.com.cn/n1/2021/0628/c64387-32142446.html,对,
185,关系·创作,(张闻天)-[创作]->(中央关于反对敌人五次“围剿”的总结的决议),,http://cpc.people.com.cn/n1/2021/0628/c64387-32142446.html,对,
186,关系·创作,(周恩来)-[创作]->(关于发展国民经济的第二个五年计划的建议的报告),,https://www.dswxyjy.org.cn/GB/434461/434470/434589/index.html,对,
187,关系·任职,(毛泽东)-[任职/主席]->(中华人民共和国中央人民政府),,https://www.dswxyjy.org.cn/GB/434461/434470/434603/index.html,对,
188,关系·发生于,(中共中央政治局在北京召开全体会议，讨论我国改革和发展的若干重大问题)-[发生于]->(北京),中共中央政治局在北京召开全体会议，讨论我国改革和发展的若干重大问题。会议完全赞同邓小平的南方谈话，认为谈话不仅对当前的改革和建设，对开好十四大，具有十分重要的指导作用，而且对整个社会主义现代化建设事业具有重大而深远的意义。,https://www.dswxyjy.org.cn/GB/434461/434464/434766/index.html,对,
189,关系·发生于,(中国工程院在北京成立)-[发生于]->(北京),中国工程院在北京成立。它是中国工程技术界最高荣誉性、咨询性学术机构，国务院直属事业单位。中国工程院设立院士制度。工程院院士是国家设立的工程技术方面的最高学术称号，是从已经在工程科学技术领域中做出系统性、创造性成就和贡献的优秀工程科学技术专家,https://www.dswxyjy.org.cn/GB/434461/434467/434668/index.html,对,
190,关系·形成,(中国共产党第六届中央委员会第七次全体会议)-[形成]->(关于若干历史问题的决议),,https://www.dswxyjy.org.cn/GB/434461/434465/434746/index.html,对,
191,关系·创作,(邓小平)-[创作]->(目前的形势和任务),,http://cpc.people.com.cn/n1/2021/0628/c64387-32142446.html,对,
192,关系·创作,(毛泽东)-[创作]->(红军第四军司令部布告),,https://www.dswxyjy.org.cn/GB/434461/434462/434831/index.html,对,
193,关系·发生于,(四届全国人大一次会议在北京举行)-[发生于]->(北京),四届全国人大一次会议在北京举行。周恩来在政府工作报告中重申了三届人大提出的发展我国国民经济的两步设想，即第一步，在1980年以前，建成一个独立的比较完整的工业体系和国民经济体系；第二步，在20世纪内实现农业、工业、国防和科学技术的现代化，使,https://www.dswxyjy.org.cn/GB/434461/434462/434830/index.html,对,
194,关系·发生于,(中共中央在延安召开有苏区、白区和红军代表参加的党的全国代表会议)-[发生于]->(延安),中共中央在延安召开有苏区、白区和红军代表参加的党的全国代表会议。会议批准了遵义会议以来党的政治路线，为迎接全国抗日战争的到来，作了重要准备。张闻天致开幕词指出：党目前的迫切任务，应该是巩固和平，争取民主权利，与实现对日抗战。而巩固我们的党，,https://www.dswxyjy.org.cn/GB/434461/434466/434697/index.html,对,
195,关系·发生于,(中共中央政治局在陕北吴起镇召开会议)-[发生于]->(陕北),中共中央政治局在陕北吴起镇召开会议。毛泽东作关于目前行动方针的报告，指出：陕甘支队自俄界出发已走二千里，到达这一地区的任务已经完成。现在全国革命总指挥部到这里，成为反革命进攻的中心。敌人对于我们的追击堵截不得不告一段落，现在是敌人“围剿”。,https://www.dswxyjy.org.cn/GB/434461/434471/434564/index.html,对,
196,关系·发生于,(在周恩来主持下，觉悟社在天津学生联合会办公室召开成立大会)-[发生于]->(天津),在周恩来主持下，觉悟社在天津学生联合会办公室召开成立大会。图为成立大会会址(今南开区东南角街草厂庵胡同41号)。,https://www.dswxyjy.org.cn/GB/434461/434470/434589/index.html,对,
197,关系·发生于,(中央执行委员会扩大会议在北京召开)-[发生于]->(北京),中央执行委员会扩大会议在北京召开。会议发布告农民书，提出解除农民困苦的根本办法是实行“耕地农有”。会议强调北方地区工作的重要性，决定加强对北方革命的领导。会后，中共北方区执行委员会成立，李大钊任书记。,http://cpc.people.com.cn/n1/2021/0628/c64387-32142446.html,对,
198,关系·发生于,(人民英雄纪念碑在天安门广场建成)-[发生于]->(天安门),人民英雄纪念碑在天安门广场建成。,http://cpc.people.com.cn/n1/2021/0628/c64387-32142446.html,对,
199,关系·领导,(习近平)-[领导]->(习近平主持召开中央全面依法治国委员会第一次会议),,https://www.dswxyjy.org.cn/GB/434461/434469/434627/index.html,对,
200,关系·领导,(毛泽东)-[领导]->(毛泽东主持政协第一届全国委员会常委会第二次会议并讲话),,https://www.dswxyjy.org.cn/GB/434461/434472/434506/index.html,对,
