head,head_type,rel,tail,tail_type,position,time_text,source
中国劳动组合书记部在上海成立,Event,OCCURRED_IN,上海,Location,,1921年8月11日,http://cpc.people.com.cn/n1/2021/0628/c64387-32142446.html
中国社会主义青年团第一次全国代表大会在广州召开，中国社会主义青年团成立,Event,OCCURRED_IN,广州,Location,,1922年5月5日-10日,http://cpc.people.com.cn/n1/2021/0628/c64387-32142446.html
中国共产党第二次全国代表大会在上海举行,Event,OCCURRED_IN,上海,Location,,1922年7月16日-23日,http://cpc.people.com.cn/n1/2021/0628/c64387-32142446.html
中国共产党第三次全国代表大会在广州举行,Event,OCCURRED_IN,广州,Location,,1923年6月12日-20日,http://cpc.people.com.cn/n1/2021/0628/c64387-32142446.html
中国共产党第四次全国代表大会在上海举行,Event,OCCURRED_IN,上海,Location,,1925年1月11日-22日,http://cpc.people.com.cn/n1/2021/0628/c64387-32142446.html
第二次全国劳动大会在广州召开，中华全国总工会成立,Event,OCCURRED_IN,广州,Location,,1925年5月1日-7日,http://cpc.people.com.cn/n1/2021/0628/c64387-32142446.html
中华民国国民政府在广州成立,Event,OCCURRED_IN,广州,Location,,1925年7月1日,http://cpc.people.com.cn/n1/2021/0628/c64387-32142446.html
中央执行委员会扩大会议在北京召开,Event,OCCURRED_IN,北京,Location,,1925年10月,http://cpc.people.com.cn/n1/2021/0628/c64387-32142446.html
毛泽东,Person,AUTHORED,中国社会各阶级的分析,Document,,1925年12月1日,http://cpc.people.com.cn/n1/2021/0628/c64387-32142446.html
毛泽东,Person,AUTHORED,湖南农民运动考察报告,Document,,1927年3月,http://cpc.people.com.cn/n1/2021/0628/c64387-32142446.html
中国共产党第五次全国代表大会在武汉举行,Event,OCCURRED_IN,武汉,Location,,1927年4月27日-5月9日,http://cpc.people.com.cn/n1/2021/0628/c64387-32142446.html
中共中央在湖北汉口召开紧急会议(八七会议),Event,OCCURRED_IN,湖北,Location,,1927年8月7日,http://cpc.people.com.cn/n1/2021/0628/c64387-32142446.html
中央临时政治局在上海召开扩大会议，提出以城市为中心举行全国武装暴动的策略,Event,OCCURRED_IN,上海,Location,,1927年11月9日-10日,http://cpc.people.com.cn/n1/2021/0628/c64387-32142446.html
中国共产党第六次全国代表大会在苏联莫斯科近郊举行,Event,OCCURRED_IN,苏联,Location,,1928年6月18日-7月11日,http://cpc.people.com.cn/n1/2021/0628/c64387-32142446.html
红四军党的第九次代表大会(古田会议)在福建上杭古田召开,Event,OCCURRED_IN,福建,Location,,1929年12月28日-29日,http://cpc.people.com.cn/n1/2021/0628/c64387-32142446.html
在中国共产党领导和推动下，中国左翼作家联盟在上海成立,Event,OCCURRED_IN,上海,Location,,1930年3月,http://cpc.people.com.cn/n1/2021/0628/c64387-32142446.html
毛泽东,Person,AUTHORED,调查工作,Document,,1930年5月,http://cpc.people.com.cn/n1/2021/0628/c64387-32142446.html
李立三,Person,AUTHORED,新的革命高潮与一省或几省首先胜利,Document,,1930年6月11日,http://cpc.people.com.cn/n1/2021/0628/c64387-32142446.html
中共扩大的六届四中全会在上海召开,Event,OCCURRED_IN,上海,Location,,1931年1月7日,http://cpc.people.com.cn/n1/2021/0628/c64387-32142446.html
中华苏维埃第一次全国代表大会在江西瑞金召开，宣布成立中华苏维埃共和国临时中央政府,Event,OCCURRED_IN,江西,Location,,1931年11月7日-20日,http://cpc.people.com.cn/n1/2021/0628/c64387-32142446.html
中华苏维埃第一次全国代表大会在江西瑞金召开，宣布成立中华苏维埃共和国临时中央政府,Event,FOUNDED,中华苏维埃共和国临时中央政府,Organization,,1931年11月7日-20日,http://cpc.people.com.cn/n1/2021/0628/c64387-32142446.html
习仲勋,Person,HELD_POSITION,苏维埃政府,Organization,主席,1932年12月,http://cpc.people.com.cn/n1/2021/0628/c64387-32142446.html
朱德,Person,HELD_POSITION,中国工农红军,Organization,总司令,1933年5月8日,http://cpc.people.com.cn/n1/2021/0628/c64387-32142446.html
中央政治局在贵州遵义召开扩大会议，集中解决当时具有决定意义的军事和组织问题,Event,OCCURRED_IN,贵州,Location,,1935年1月15日-17日,http://cpc.people.com.cn/n1/2021/0628/c64387-32142446.html
张闻天,Person,AUTHORED,中央关于反对敌人五次“围剿”的总结的决议,Document,,1935年1月15日-17日,http://cpc.people.com.cn/n1/2021/0628/c64387-32142446.html
中央红军翻越终年积雪的夹金山，与红四方面军在四川懋功会师,Event,OCCURRED_IN,四川,Location,,1935年6月,http://cpc.people.com.cn/n1/2021/0628/c64387-32142446.html
中央政治局在陕北瓦窑堡召开扩大会议，确定抗日民族统一战线的策略方针,Event,OCCURRED_IN,陕北,Location,,1935年12月17日-25日,http://cpc.people.com.cn/n1/2021/0628/c64387-32142446.html
红一、红四方面军在甘肃会宁会师,Event,OCCURRED_IN,甘肃,Location,,1936年10月9日,http://cpc.people.com.cn/n1/2021/0628/c64387-32142446.html
毛泽东,Person,AUTHORED,辩证法唯物论(讲授提纲),Document,,1937年7月-8月,http://cpc.people.com.cn/n1/2021/0628/c64387-32142446.html
中共中央在陕北洛川召开政治局扩大会议(洛川会议),Event,OCCURRED_IN,陕北,Location,,1937年8月22日-25日,http://cpc.people.com.cn/n1/2021/0628/c64387-32142446.html
毛泽东,Person,AUTHORED,论持久战,Document,,1938年5月26日-6月3日,http://cpc.people.com.cn/n1/2021/0628/c64387-32142446.html
中共扩大的六届六中全会在延安召开,Event,OCCURRED_IN,延安,Location,,1938年9月29日-11月6日,http://cpc.people.com.cn/n1/2021/0628/c64387-32142446.html
毛泽东,Person,AUTHORED,〈共产党人〉发刊词,Document,,1939年10月4日,http://cpc.people.com.cn/n1/2021/0628/c64387-32142446.html
毛泽东,Person,AUTHORED,新民主主义论,Document,,1940年1月,http://cpc.people.com.cn/n1/2021/0628/c64387-32142446.html
毛泽东,Person,AUTHORED,改造我们的学习,Document,,1941年5月19日,http://cpc.people.com.cn/n1/2021/0628/c64387-32142446.html
毛泽东,Person,AUTHORED,整顿学风党风文风,Document,,1942年2月,http://cpc.people.com.cn/n1/2021/0628/c64387-32142446.html
中共中央在延安召开文艺座谈会,Event,OCCURRED_IN,延安,Location,,1942年5月,http://cpc.people.com.cn/n1/2021/0628/c64387-32142446.html
中共扩大的六届七中全会在延安召开,Event,OCCURRED_IN,延安,Location,,1944年5月21日,http://cpc.people.com.cn/n1/2021/0628/c64387-32142446.html
毛泽东,Person,AUTHORED,为人民服务,Document,,1944年9月,http://cpc.people.com.cn/n1/2021/0628/c64387-32142446.html
中国共产党第七次全国代表大会在延安举行,Event,OCCURRED_IN,延安,Location,,1945年4月23日-6月11日,http://cpc.people.com.cn/n1/2021/0628/c64387-32142446.html
朱德,Person,AUTHORED,论解放区战场,Document,,1945年4月23日-6月11日,http://cpc.people.com.cn/n1/2021/0628/c64387-32142446.html
刘少奇,Person,AUTHORED,关于修改党章的报告,Document,,1945年4月23日-6月11日,http://cpc.people.com.cn/n1/2021/0628/c64387-32142446.html
周恩来,Person,AUTHORED,论统一战线,Document,,1945年4月23日-6月11日,http://cpc.people.com.cn/n1/2021/0628/c64387-32142446.html
包括中共代表董必武在内的中国代表团出席在美国旧金山召开的联合国制宪会议，并在《联合国宪章》上签字,Event,OCCURRED_IN,美国,Location,,1945年4月25日-6月26日,http://cpc.people.com.cn/n1/2021/0628/c64387-32142446.html
毛泽东,Person,AUTHORED,对日寇的最后一战,Document,,1945年8月9日,http://cpc.people.com.cn/n1/2021/0628/c64387-32142446.html
政治协商会议在重庆召开,Event,OCCURRED_IN,重庆,Location,,1946年1月10日-31日,http://cpc.people.com.cn/n1/2021/0628/c64387-32142446.html
中共中央在延安召开会议，决定用“打倒蒋介石”作为最后解决国内问题的方针,Event,OCCURRED_IN,延安,Location,,1946年11月21日,http://cpc.people.com.cn/n1/2021/0628/c64387-32142446.html
中央政治局会议在陕北清涧枣林沟召开，讨论中央机关行动问题,Event,OCCURRED_IN,陕北,Location,,1947年3月29日-30日,http://cpc.people.com.cn/n1/2021/0628/c64387-32142446.html
全国土地会议在河北建屏西柏坡(今属平山)召开,Event,OCCURRED_IN,河北,Location,,1947年7月17日-9月13日,http://cpc.people.com.cn/n1/2021/0628/c64387-32142446.html
中共中央在陕北靖边小河村召开扩大会议，着重讨论战略进攻的部署和解放区土地改革、财政金融工作等问题,Event,OCCURRED_IN,陕北,Location,,1947年7月21日-23日,http://cpc.people.com.cn/n1/2021/0628/c64387-32142446.html
中共中央在陕北米脂杨家沟召开扩大会议(十二月会议),Event,OCCURRED_IN,陕北,Location,,1947年12月25日-28日,http://cpc.people.com.cn/n1/2021/0628/c64387-32142446.html
中央政治局扩大会议在西柏坡召开,Event,OCCURRED_IN,西柏坡,Location,,1948年9月8日-13日,http://cpc.people.com.cn/n1/2021/0628/c64387-32142446.html
毛泽东,Person,AUTHORED,将革命进行到底,Document,,1948年12月30日,http://cpc.people.com.cn/n1/2021/0628/c64387-32142446.html
中共七届二中全会在西柏坡召开,Event,OCCURRED_IN,西柏坡,Location,,1949年3月5日-13日,http://cpc.people.com.cn/n1/2021/0628/c64387-32142446.html
毛泽东,Person,LED,毛泽东率领中央机关离开西柏坡，向北平进发,Event,,1949年3月23日,http://cpc.people.com.cn/n1/2021/0628/c64387-32142446.html
毛泽东,Person,AUTHORED,向全国进军的命令,Document,,1949年4月21日,http://cpc.people.com.cn/n1/2021/0628/c64387-32142446.html
毛泽东,Person,AUTHORED,论人民民主专政,Document,,1949年6月30日,http://cpc.people.com.cn/n1/2021/0628/c64387-32142446.html
中国人民政治协商会议第一届全体会议在北平举行,Event,OCCURRED_IN,北京,Location,,1949年9月21日-30日,http://cpc.people.com.cn/n1/2021/0628/c64387-32142446.html
朱德,Person,HELD_POSITION,中央纪律检查委员会,Organization,书记,1949年11月9日,http://cpc.people.com.cn/n1/2021/0628/c64387-32142446.html
毛泽东,Person,HELD_POSITION,国防委员会,Organization,主席,1954年9月15日-28日,http://cpc.people.com.cn/n1/2021/0628/c64387-32142446.html
毛泽东,Person,HELD_POSITION,中央军事委员会,Organization,主席,1954年9月28日,http://cpc.people.com.cn/n1/2021/0628/c64387-32142446.html
新疆军区遵照军委总参谋部8月6日的批复公布成立新疆军区生产建设兵团,Event,FOUNDED,新疆军区,Organization,,1954年10月7日,http://cpc.people.com.cn/n1/2021/0628/c64387-32142446.html
周恩来率中国代表团出席在印度尼西亚万隆召开的有29个国家参加的亚非会议,Event,OCCURRED_IN,印度,Location,,1955年4月18日-24日,http://cpc.people.com.cn/n1/2021/0628/c64387-32142446.html
周恩来,Person,AUTHORED,关于知识分子问题的报告,Document,,1956年1月14日-20日,http://cpc.people.com.cn/n1/2021/0628/c64387-32142446.html
毛泽东,Person,AUTHORED,论十大关系,Document,,1956年4月25日,http://cpc.people.com.cn/n1/2021/0628/c64387-32142446.html
毛泽东,Person,AUTHORED,如何处理人民内部的矛盾,Document,,1957年2月27日,http://cpc.people.com.cn/n1/2021/0628/c64387-32142446.html
人民英雄纪念碑在天安门广场建成,Event,OCCURRED_IN,天安门,Location,,1958年4月22日,http://cpc.people.com.cn/n1/2021/0628/c64387-32142446.html
中央政治局扩大会议在北戴河召开,Event,OCCURRED_IN,北戴河,Location,,1958年8月17日-30日,http://cpc.people.com.cn/n1/2021/0628/c64387-32142446.html
中央政治局扩大会议在江西庐山召开,Event,OCCURRED_IN,江西,Location,,1959年7月2日-8月1日,http://cpc.people.com.cn/n1/2021/0628/c64387-32142446.html
刘少奇,Person,AUTHORED,中华人民共和国主席特赦令,Document,,1959年9月17日,http://cpc.people.com.cn/n1/2021/0628/c64387-32142446.html
第一拖拉机制造厂在河南洛阳建成投产,Event,OCCURRED_IN,河南,Location,,1959年11月1日,http://cpc.people.com.cn/n1/2021/0628/c64387-32142446.html
中央工作会议在广州召开,Event,OCCURRED_IN,广州,Location,,1961年3月15日-23日,http://cpc.people.com.cn/n1/2021/0628/c64387-32142446.html
周恩来,Person,AUTHORED,论知识分子问题,Document,,1962年3月2日,http://cpc.people.com.cn/n1/2021/0628/c64387-32142446.html
中国共产党第八届中央委员会第十一次全体会议,Meeting,PRODUCED,中国共产党中央委员会关于无产阶级文化大革命的决定,Document,,1966年5月4日-26日,http://cpc.people.com.cn/n1/2021/0628/c64387-32142446.html
中国政府和坦桑尼亚、赞比亚两国政府在北京签订关于修建坦桑尼亚-赞比亚铁路的协定,Event,OCCURRED_IN,北京,Location,,1967年9月5日,http://cpc.people.com.cn/n1/2021/0628/c64387-32142446.html
邓小平,Person,AUTHORED,解放思想，实事求是，团结一致向前看,Document,,1978年11月10日-12月15日,http://cpc.people.com.cn/n1/2021/0628/c64387-32142446.html
邓小平,Person,AUTHORED,坚持四项基本原则,Document,,1979年1月18日-4月3日,http://cpc.people.com.cn/n1/2021/0628/c64387-32142446.html
邓小平,Person,AUTHORED,目前的形势和任务,Document,,1980年1月16日,http://cpc.people.com.cn/n1/2021/0628/c64387-32142446.html
邓小平,Person,AUTHORED,党和国家领导制度的改革,Document,,1980年8月18日,http://cpc.people.com.cn/n1/2021/0628/c64387-32142446.html
中国女排在日本大阪举行的第三届世界杯女子排球赛上七战七捷，首次获得世界冠军,Event,OCCURRED_IN,日本,Location,,1981年11月7日-16日,http://cpc.people.com.cn/n1/2021/0628/c64387-32142446.html
中国人民武装警察部队总部在北京成立,Event,OCCURRED_IN,北京,Location,,1983年4月5日,http://cpc.people.com.cn/n1/2021/0628/c64387-32142446.html
第十一届亚洲运动会在北京举行,Event,OCCURRED_IN,北京,Location,,1990年9月22日-10月7日,http://cpc.people.com.cn/n1/2021/0628/c64387-32142446.html
全国拥军优属、拥政爱民工作会议在福建福州召开,Event,OCCURRED_IN,福建,Location,,1991年1月10日-16日,http://cpc.people.com.cn/n1/2021/0628/c64387-32142446.html
江泽民出席在美国西雅图召开的亚太经合组织第一次领导人非正式会议并发表讲话,Event,OCCURRED_IN,美国,Location,,1993年11月20日,http://cpc.people.com.cn/n1/2021/0628/c64387-32142446.html
江泽民,Person,AUTHORED,为促进祖国统一大业的完成而继续奋斗,Document,,1995年1月30日,http://cpc.people.com.cn/n1/2021/0628/c64387-32142446.html
中英两国政府香港政权交接仪式在香港举行，宣告中国政府对香港恢复行使主权,Event,OCCURRED_IN,香港,Location,,1997年6月30日,http://cpc.people.com.cn/n1/2021/0628/c64387-32142446.html
中葡两国政府澳门政权交接仪式在澳门举行，宣告中国政府对澳门恢复行使主权,Event,OCCURRED_IN,澳门,Location,,1999年12月19日,http://cpc.people.com.cn/n1/2021/0628/c64387-32142446.html
博鳌亚洲论坛成立大会在海南博鳌举行,Event,OCCURRED_IN,海南,Location,,2001年2月27日,http://cpc.people.com.cn/n1/2021/0628/c64387-32142446.html
青藏铁路开工典礼在青海格尔木和西藏拉萨同时举行,Event,OCCURRED_IN,青海,Location,,2001年6月29日,http://cpc.people.com.cn/n1/2021/0628/c64387-32142446.html
亚太经合组织第九次领导人非正式会议在上海召开,Event,OCCURRED_IN,上海,Location,,2001年10月21日,http://cpc.people.com.cn/n1/2021/0628/c64387-32142446.html
中共中央总书记胡锦涛在北京同中国国民党主席连战举行正式会谈,Event,OCCURRED_IN,北京,Location,,2005年4月29日,http://cpc.people.com.cn/n1/2021/0628/c64387-32142446.html
习近平,Person,LED,习近平主持召开座谈会听取京津冀协同发展专题汇报，提出实现京津冀协同发展是一个重大国家战略,Event,,2014年2月26日,http://cpc.people.com.cn/n1/2021/0628/c64387-32142446.html
亚洲相互协作与信任措施会议第四次峰会在上海召开,Event,OCCURRED_IN,上海,Location,,2014年5月21日,http://cpc.people.com.cn/n1/2021/0628/c64387-32142446.html
全军政治工作会议在福建古田召开,Event,OCCURRED_IN,福建,Location,,2014年10月30日-11月2日,http://cpc.people.com.cn/n1/2021/0628/c64387-32142446.html
亚太经合组织第22次领导人非正式会议在北京召开,Event,OCCURRED_IN,北京,Location,,2014年11月11日,http://cpc.people.com.cn/n1/2021/0628/c64387-32142446.html
首届世界互联网大会在浙江乌镇召开,Event,OCCURRED_IN,浙江,Location,,2014年11月19日-21日,http://cpc.people.com.cn/n1/2021/0628/c64387-32142446.html
澜沧江-湄公河合作首次领导人会议在海南三亚召开，正式启动澜湄合作机制,Event,OCCURRED_IN,海南,Location,,2016年3月23日,http://cpc.people.com.cn/n1/2021/0628/c64387-32142446.html
习近平,Person,LED,习近平主持召开网络安全和信息化工作座谈会，强调在践行新发展理念上先行一步，让互联网更好造福国家和人民,Event,,2016年4月19日,http://cpc.people.com.cn/n1/2021/0628/c64387-32142446.html
首次“1+6”圆桌对话会在北京召开,Event,OCCURRED_IN,北京,Location,,2016年7月22日,http://cpc.people.com.cn/n1/2021/0628/c64387-32142446.html
首届“一带一路”国际合作高峰论坛在北京举行,Event,OCCURRED_IN,北京,Location,,2017年5月14日-15日,http://cpc.people.com.cn/n1/2021/0628/c64387-32142446.html
金砖国家领导人第九次会晤在福建厦门举行,Event,OCCURRED_IN,福建,Location,,2017年9月3日-5日,http://cpc.people.com.cn/n1/2021/0628/c64387-32142446.html
中国共产党与世界政党高层对话会在北京召开,Event,OCCURRED_IN,北京,Location,,2017年11月30日-12月3日,http://cpc.people.com.cn/n1/2021/0628/c64387-32142446.html
中共中央印发《关于建立国务院向全国人大常委会报告国有资产管理情况制度的意见》,Event,FOUNDED,中华人民共和国国务院,Organization,,2017年12月30日,http://cpc.people.com.cn/n1/2021/0628/c64387-32142446.html
世界上最长的跨海大桥——港珠澳大桥开通仪式在广东珠海举行,Event,OCCURRED_IN,广东,Location,,2018年10月23日,http://cpc.people.com.cn/n1/2021/0628/c64387-32142446.html
首届中国国际进口博览会在上海举行,Event,OCCURRED_IN,上海,Location,,2018年11月5日-10日,http://cpc.people.com.cn/n1/2021/0628/c64387-32142446.html
习近平,Person,AUTHORED,为实现民族伟大复兴、推进祖国和平统一而共同奋斗,Document,,2019年1月2日,http://cpc.people.com.cn/n1/2021/0628/c64387-32142446.html
庆祝人民海军成立70周年海上阅兵活动在青岛举行,Event,OCCURRED_IN,青岛,Location,,2019年4月23日,http://cpc.people.com.cn/n1/2021/0628/c64387-32142446.html
首届亚洲文明对话大会在北京召开,Event,OCCURRED_IN,北京,Location,,2019年5月15日-22日,http://cpc.people.com.cn/n1/2021/0628/c64387-32142446.html
毛泽东出席在猴场召开的中共中央政治局会议,Event,OCCURRED_IN,猴场,Location,,1935年1月1日,https://www.dswxyjy.org.cn/GB/434461/434462/434818/index.html
中共中央政治局在猴场召开会议，重申黎平会议的决定，命令红军迅速抢渡乌江，攻占遵义,Event,OCCURRED_IN,猴场,Location,,1935年1月1日,https://www.dswxyjy.org.cn/GB/434461/434462/434818/index.html
毛泽东,Person,AUTHORED,关于在全国开展以除四害为中心的爱国卫生运动的通知,Document,,1958年1月3日,https://www.dswxyjy.org.cn/GB/434461/434462/434820/index.html
中共中央在北京召开农村工作会议,Event,OCCURRED_IN,北京,Location,,1962年1月3日,https://www.dswxyjy.org.cn/GB/434461/434462/434820/index.html
国务院在北京召开全国经济体制改革工作会议，讨论以企业改革为重点的1990年改革工作的任务,Event,OCCURRED_IN,北京,Location,,1990年1月4日至8日,https://www.dswxyjy.org.cn/GB/434461/434462/434821/index.html
中央军委军事工作会议在北京召开,Event,OCCURRED_IN,北京,Location,,2019年1月4日,https://www.dswxyjy.org.cn/GB/434461/434462/434821/index.html
毛泽东,Person,AUTHORED,关于反对官僚主义、反对命令主义、反对违法乱纪的指示,Document,,1953年1月5日,https://www.dswxyjy.org.cn/GB/434461/434462/434822/index.html
中央保持共产党员先进性教育活动工作会议在北京举行,Event,OCCURRED_IN,北京,Location,,2005年1月5日至6日,https://www.dswxyjy.org.cn/GB/434461/434462/434822/index.html
周恩来,Person,AUTHORED,蒋介石元旦演说与政治协商会议,Document,,1946年1月7日,https://www.dswxyjy.org.cn/GB/434461/434462/434824/index.html
毛泽东,Person,AUTHORED,国民党右派分离的原因及其对于革命前途的影响,Document,,1926年1月10日,https://www.dswxyjy.org.cn/GB/434461/434462/434827/index.html
有国民党、共产党、民主同盟、青年党、社会贤达的代表参加的政治协商会议在重庆召开,Event,OCCURRED_IN,重庆,Location,,1946年1月10日至31日,https://www.dswxyjy.org.cn/GB/434461/434462/434827/index.html
中共四大在上海召开,Event,OCCURRED_IN,上海,Location,,1925年1月11日至22日,https://www.dswxyjy.org.cn/GB/434461/434462/434828/index.html
任弼时,Person,AUTHORED,土地改革中的几个问题,Document,,1948年1月12日,https://www.dswxyjy.org.cn/GB/434461/434462/434829/index.html
四届全国人大一次会议在北京举行,Event,OCCURRED_IN,北京,Location,,1975年1月13日至17日,https://www.dswxyjy.org.cn/GB/434461/434462/434830/index.html
邓小平,Person,AUTHORED,精简机构是一场革命,Document,,1982年1月13日,https://www.dswxyjy.org.cn/GB/434461/434462/434830/index.html
中共中央南方局在重庆成立，主要负责长江流域以南国民党统治区中共党的组织和统战工作,Event,OCCURRED_IN,重庆,Location,,1939年1月13日,https://www.dswxyjy.org.cn/GB/434461/434462/434830/index.html
毛泽东,Person,AUTHORED,红军第四军司令部布告,Document,,1929年1月14日,https://www.dswxyjy.org.cn/GB/434461/434462/434831/index.html
毛泽东,Person,AUTHORED,关于时局的声明,Document,,1949年1月14日,https://www.dswxyjy.org.cn/GB/434461/434462/434831/index.html
毛泽东在陕甘宁边区第二届农工展览会开幕典礼上讲话,Event,OCCURRED_IN,陕甘宁边区,Location,,1940年1月16日,https://www.dswxyjy.org.cn/GB/434461/434462/434833/index.html
全国宣传部长会议在北京召开,Event,OCCURRED_IN,北京,Location,,1995年1月16日至21日,https://www.dswxyjy.org.cn/GB/434461/434462/434833/index.html
全国农业工作会议在北京举行,Event,OCCURRED_IN,北京,Location,,1991年1月18日至23日,https://www.dswxyjy.org.cn/GB/434461/434462/434835/index.html
国务院西部开发领导小组在北京召开西部地区开发会议,Event,OCCURRED_IN,北京,Location,,2000年1月19日至22日,https://www.dswxyjy.org.cn/GB/434461/434462/434836/index.html
彭德怀在西北军政委员会成立大会上讲话,Event,OCCURRED_IN,西北,Location,,1950年1月19日,https://www.dswxyjy.org.cn/GB/434461/434462/434836/index.html
毛泽东,Person,AUTHORED,抗战与外援的关系,Document,,1939年1月20日,https://www.dswxyjy.org.cn/GB/434461/434462/434837/index.html
在孙中山主持下，中国国民党在广州举行第一次全国代表大会,Event,OCCURRED_IN,广州,Location,,1924年1月20日-30日,https://www.dswxyjy.org.cn/GB/434461/434462/434837/index.html
共产国际在莫斯科召开远东各国共产党及民族革命团体第一次代表大会,Event,OCCURRED_IN,莫斯科,Location,,1922年1月21日-2月2日,https://www.dswxyjy.org.cn/GB/434461/434462/434838/index.html
中华苏维埃第二次全国代表大会在瑞金召开,Event,OCCURRED_IN,瑞金,Location,,1934年1月22日-2月1日,https://www.dswxyjy.org.cn/GB/434461/434462/434839/index.html
毛泽东,Person,LED,毛泽东主持召开最高国务会议第六次会议，讨论全国农业发展纲要草案修正稿,Event,,1956年1月25日,https://www.dswxyjy.org.cn/GB/434461/434462/434842/index.html
香港特别行政区临时立法会首次会议在深圳迎宾馆举行，范徐丽泰当选临时立法会主席,Event,OCCURRED_IN,深圳,Location,,1997年1月25日,https://www.dswxyjy.org.cn/GB/434461/434462/434842/index.html
毛泽东,Person,AUTHORED,兴国调查,Document,,1931年1月26日,https://www.dswxyjy.org.cn/GB/434461/434462/434843/index.html
毛泽东,Person,AUTHORED,中宣部宣传要点,Document,,1942年1月26日,https://www.dswxyjy.org.cn/GB/434461/434462/434843/index.html
香港特别行政区筹备委员会成立大会在北京举行,Event,OCCURRED_IN,北京,Location,,1996年1月26日,https://www.dswxyjy.org.cn/GB/434461/434462/434843/index.html
毛泽东,Person,LED,毛泽东指挥中央红军四渡赤水战役，取得跳出国民党“追剿”军重兵集团合围圈的重大胜利,Event,,1935年1月29日—3月22日,https://www.dswxyjy.org.cn/GB/434461/434462/434846/index.html
中共中央在延安召开生产动员大会，毛泽东在会上发出“自己动手”的号召,Event,OCCURRED_IN,延安,Location,,1939年2月2日,https://www.dswxyjy.org.cn/GB/434461/434463/434790/index.html
毛泽东,Person,AUTHORED,经济问题和财政问题,Document,,1939年2月2日,https://www.dswxyjy.org.cn/GB/434461/434463/434790/index.html
全国统一战线工作会议在北京召开,Event,OCCURRED_IN,北京,Location,,1991年2月2日至6日,https://www.dswxyjy.org.cn/GB/434461/434463/434790/index.html
西部大开发五周年座谈会在北京举行,Event,OCCURRED_IN,北京,Location,,2005年2月4日,https://www.dswxyjy.org.cn/GB/434461/434463/434792/index.html
毛泽东,Person,AUTHORED,反对投降主义,Document,,1939年2月5日,https://www.dswxyjy.org.cn/GB/434461/434463/434793/index.html
第五届全国人大常委会第十三次会议在北京召开,Event,OCCURRED_IN,北京,Location,,1980年2月5日-12日,https://www.dswxyjy.org.cn/GB/434461/434463/434793/index.html
毛泽东在江西吉安陂头村主持召开中共红四军前委、赣西特委和红军第五军、第六军军委联席会议,Event,OCCURRED_IN,江西,Location,,1930年2月6日—9日,https://www.dswxyjy.org.cn/GB/434461/434463/434794/index.html
中国共产党第十八届中央委员会第三次全体会议,Meeting,PRODUCED,中共中央关于全面深化改革若干重大问题的决定,Document,,2014年2月7日,https://www.dswxyjy.org.cn/GB/434461/434463/434795/index.html
毛泽东,Person,AUTHORED,中央关于反对敌人五次“围剿”的总结的决议,Document,,1935年2月8日,https://www.dswxyjy.org.cn/GB/434461/434463/434796/index.html
八路军政治部在山西省武乡县驻地召开太行文艺座谈会，朱德在会上讲话,Event,OCCURRED_IN,山西省,Location,,1940年2月8日,https://www.dswxyjy.org.cn/GB/434461/434463/434796/index.html
毛泽东,Person,AUTHORED,反对党八股,Document,,1942年2月8日,https://www.dswxyjy.org.cn/GB/434461/434463/434796/index.html
李先念,Person,AUTHORED,关于当前经济问题,Document,,1980年2月10日,https://www.dswxyjy.org.cn/GB/434461/434463/434798/index.html
中国共产党第十一届中央委员会第六次全体会议,Meeting,PRODUCED,关于建国以来党的若干历史问题的决议,Document,,1982年2月12日,https://www.dswxyjy.org.cn/GB/434461/434463/434800/index.html
中央工作会议在北京召开,Event,OCCURRED_IN,北京,Location,,2001年2月12日至14日,https://www.dswxyjy.org.cn/GB/434461/434463/434800/index.html
邓小平,Person,AUTHORED,动员新兵及新兵政治工作,Document,,1938年2月12日,https://www.dswxyjy.org.cn/GB/434461/434463/434800/index.html
香港特别行政区基本法起草委员会第九次会议在北京举行,Event,OCCURRED_IN,北京,Location,,1990年2月13日-17日,https://www.dswxyjy.org.cn/GB/434461/434463/434801/index.html
毛泽东,Person,AUTHORED,四分五裂的反动派为什么还要空喊“全面和平”？,Document,,1949年2月15日,https://www.dswxyjy.org.cn/GB/434461/434463/434803/index.html
毛泽东,Person,AUTHORED,国民党反动派由“呼吁和平”变为呼吁战争,Document,,1949年2月16日,https://www.dswxyjy.org.cn/GB/434461/434463/434804/index.html
全国组织工作会议在北京召开,Event,OCCURRED_IN,北京,Location,,2008年2月17日-19日,https://www.dswxyjy.org.cn/GB/434461/434463/434805/index.html
毛泽东,Person,LED,毛泽东主持中共六届七中全会全体会议,Event,,1945年2月18日,https://www.dswxyjy.org.cn/GB/434461/434463/434806/index.html
刘少奇,Person,AUTHORED,关于收复石家庄的城市工作经验,Document,,1948年2月19日,https://www.dswxyjy.org.cn/GB/434461/434463/434807/index.html
第二次全国党校工作会议在北京举行,Event,OCCURRED_IN,北京,Location,,1983年2月22日-3月2日,https://www.dswxyjy.org.cn/GB/434461/434463/434810/index.html
新华书店总店在北京成立,Event,OCCURRED_IN,北京,Location,,1951年2月23日,https://www.dswxyjy.org.cn/GB/434461/434463/434811/index.html
中共十一届五中全会在北京召开,Event,OCCURRED_IN,北京,Location,,1980年2月23日至29日,https://www.dswxyjy.org.cn/GB/434461/434463/434811/index.html
中共中央纪律检查委员会第三次全体会议在北京召开,Event,OCCURRED_IN,北京,Location,,1981年2月24日-3月4日,https://www.dswxyjy.org.cn/GB/434461/434463/434812/index.html
第一届全国人民代表大会第一次会议,Meeting,PRODUCED,国务院机构改革方案,Document,,2008年2月25日—27日,https://www.dswxyjy.org.cn/GB/434461/434463/434813/index.html
第五届全国人民代表大会第一次会议在北京召开,Event,OCCURRED_IN,北京,Location,,1978年2月26日至3月5日,https://www.dswxyjy.org.cn/GB/434461/434463/434814/index.html
全国政法工作会议在北京召开,Event,OCCURRED_IN,北京,Location,,1990年2月28日-3月6日,https://www.dswxyjy.org.cn/GB/434461/434463/434816/index.html
由中国共产党和国民党左派共同发起的国民会议促成会全国代表大会在北京开幕,Event,OCCURRED_IN,北京,Location,,1925年3月1日,https://www.dswxyjy.org.cn/GB/434461/434464/434758/index.html
中华全国学生联合会在北平宣布成立,Event,OCCURRED_IN,北京,Location,,1949年3月1日,https://www.dswxyjy.org.cn/GB/434461/434464/434758/index.html
中国农业科学院在北京成立,Event,OCCURRED_IN,北京,Location,,1957年3月1日,https://www.dswxyjy.org.cn/GB/434461/434464/434758/index.html
全国人大八届五次会议在北京举行,Event,OCCURRED_IN,北京,Location,,1997年3月1日-14日,https://www.dswxyjy.org.cn/GB/434461/434464/434758/index.html
鲁迅,Person,AUTHORED,对于左翼作家联盟的意见,Document,,1930年3月2日,https://www.dswxyjy.org.cn/GB/434461/434464/434759/index.html
全国科学技术工作会议在北京召开,Event,OCCURRED_IN,北京,Location,,1985年3月2日-7日,https://www.dswxyjy.org.cn/GB/434461/434464/434759/index.html
全国扶贫开发工作会议在北京举行,Event,OCCURRED_IN,北京,Location,,1991年3月3日,https://www.dswxyjy.org.cn/GB/434461/434464/434760/index.html
中国共产党在西柏坡举行七届二中全会,Event,OCCURRED_IN,西柏坡,Location,,1949年3月5日-13日,https://www.dswxyjy.org.cn/GB/434461/434464/434762/index.html
中国共产党全国宣传工作会议在北京举行,Event,OCCURRED_IN,北京,Location,,1957年3月6日—13日,https://www.dswxyjy.org.cn/GB/434461/434464/434763/index.html
毛泽东在延安举行的三八妇女节纪念大会上讲话,Event,OCCURRED_IN,延安,Location,,1939年3月8日,https://www.dswxyjy.org.cn/GB/434461/434464/434765/index.html
中共十三届六中全会在北京召开,Event,OCCURRED_IN,北京,Location,,1990年3月9日-12日,https://www.dswxyjy.org.cn/GB/434461/434464/434766/index.html
中共中央政治局在北京召开全体会议，讨论我国改革和发展的若干重大问题,Event,OCCURRED_IN,北京,Location,,1992年3月9日-10日,https://www.dswxyjy.org.cn/GB/434461/434464/434766/index.html
周恩来,Person,AUTHORED,目前形势与新四军任务,Document,,1939年3月10日,https://www.dswxyjy.org.cn/GB/434461/434464/434767/index.html
毛泽东,Person,AUTHORED,目前抗日统一战线中的策略问题,Document,,1940年3月11日,https://www.dswxyjy.org.cn/GB/434461/434464/434768/index.html
孙中山,Person,AUTHORED,关于宪政与团结问题,Document,,1944年3月12日,https://www.dswxyjy.org.cn/GB/434461/434464/434769/index.html
中共中央在北京举行万人大会，隆重纪念马克思逝世一百周年,Event,OCCURRED_IN,北京,Location,,1983年3月13日,https://www.dswxyjy.org.cn/GB/434461/434464/434770/index.html
中共中央工作会议在广州召开,Event,OCCURRED_IN,广州,Location,,1961年3月15日-23日,https://www.dswxyjy.org.cn/GB/434461/434464/434772/index.html
毛泽东出席在武昌举行的河南武装农民代表大会，并作湖南农运状况报告,Event,OCCURRED_IN,武昌,Location,,1927年3月18日,https://www.dswxyjy.org.cn/GB/434461/434464/434775/index.html
刘少奇,Person,AUTHORED,用新的态度对待新的劳动,Document,,1934年3月20日,https://www.dswxyjy.org.cn/GB/434461/434464/434777/index.html
七届全国人大三次会议在北京召开,Event,OCCURRED_IN,北京,Location,,1990年3月20日-4月4日,https://www.dswxyjy.org.cn/GB/434461/434464/434777/index.html
刘少奇,Person,AUTHORED,华北地区工作经验,Document,,1938年3月21日,https://www.dswxyjy.org.cn/GB/434461/434464/434778/index.html
中华全国总工会在北京召开劳动保险工作会议,Event,OCCURRED_IN,北京,Location,,1954年3月22日至4月1日,https://www.dswxyjy.org.cn/GB/434461/434464/434779/index.html
毛泽东在广州召开的中共中央工作会议上讲话,Event,OCCURRED_IN,广州,Location,,1961年3月23日,https://www.dswxyjy.org.cn/GB/434461/434464/434780/index.html
列宁,Person,AUTHORED,唯物主义和经验批判主义,Document,,1961年3月23日,https://www.dswxyjy.org.cn/GB/434461/434464/434780/index.html
毛泽东,Person,AUTHORED,关于调查工作,Document,,1961年3月23日,https://www.dswxyjy.org.cn/GB/434461/434464/434780/index.html
澜沧江-湄公河合作首次领导人会议在海南三亚举行，正式启动澜湄合作机制,Event,OCCURRED_IN,海南,Location,,2016年3月23日,https://www.dswxyjy.org.cn/GB/434461/434464/434780/index.html
毛泽东,Person,LED,毛泽东率领中共中央机关离开西柏坡前往北平,Event,,1949年3月23日,https://www.dswxyjy.org.cn/GB/434461/434464/434780/index.html
陈云,Person,AUTHORED,到什么地方去学习,Document,,1942年3月24日,https://www.dswxyjy.org.cn/GB/434461/434464/434781/index.html
中共中央书记处和国务院在北京召开沿海部分城市座谈会,Event,OCCURRED_IN,北京,Location,,1984年3月26日-4月6日,https://www.dswxyjy.org.cn/GB/434461/434464/434783/index.html
周恩来,Person,AUTHORED,政府工作报告,Document,,1962年3月28日,https://www.dswxyjy.org.cn/GB/434461/434464/434785/index.html
毛泽东,Person,LED,毛泽东主持召开中共中央会议，讨论中央机关行动问题,Event,,1940年3月29日,https://www.dswxyjy.org.cn/GB/434461/434464/434786/index.html
毛泽东,Person,AUTHORED,如何研究中共党史,Document,,1942年3月30日,https://www.dswxyjy.org.cn/GB/434461/434464/434787/index.html
中国首个行政区域5G网络在上海建成并开始试用,Event,OCCURRED_IN,上海,Location,,2019年3月30日,https://www.dswxyjy.org.cn/GB/434461/434464/434787/index.html
毛泽东,Person,AUTHORED,毛泽东文集,Document,,1945年3月31日,https://www.dswxyjy.org.cn/GB/434461/434464/434788/index.html
北京2008年奥运会圣火欢迎仪式暨火炬接力启动仪式在天安门广场隆重举行,Event,OCCURRED_IN,天安门,Location,,2008年3月31日,https://www.dswxyjy.org.cn/GB/434461/434464/434788/index.html
江泽民在西安主持召开西北地区和内蒙古六省区西部大开发工作座谈会,Event,OCCURRED_IN,西安,Location,,2002年4月1日,https://www.dswxyjy.org.cn/GB/434461/434465/434727/index.html
毛泽东,Person,AUTHORED,总政治部关于调查人口和土地状况的通知,Document,,1931年4月2日,https://www.dswxyjy.org.cn/GB/434461/434465/434728/index.html
中共八届七中全会在上海举行,Event,OCCURRED_IN,上海,Location,,1959年4月2日—5日,https://www.dswxyjy.org.cn/GB/434461/434465/434728/index.html
中央军委决定，组建中国人民解放军总装备部,Event,FOUNDED,中国人民解放军,Organization,,1998年4月3日,https://www.dswxyjy.org.cn/GB/434461/434465/434729/index.html
汪精卫,Person,AUTHORED,汪陈联合宣言,Document,,1927年4月5日,https://www.dswxyjy.org.cn/GB/434461/434465/434731/index.html
周恩来与张学良在延安举行会谈，达成联合抗日协议,Event,OCCURRED_IN,延安,Location,,1936年4月9日,https://www.dswxyjy.org.cn/GB/434461/434465/434735/index.html
毛泽东,Person,AUTHORED,外力、军阀与革命,Document,,1923年4月10日,https://www.dswxyjy.org.cn/GB/434461/434465/434736/index.html
鲁迅艺术学院在延安成立，毛泽东出席成立大会并讲话,Event,OCCURRED_IN,延安,Location,,1938年4月10日,https://www.dswxyjy.org.cn/GB/434461/434465/434736/index.html
中共中央北方局在山西省黎城召开太行、太岳、冀南等抗日根据地领导参加的高级干部会议(称黎城会议),Event,OCCURRED_IN,山西省,Location,,1940年4月11日-26日,https://www.dswxyjy.org.cn/GB/434461/434465/434737/index.html
中国新民主主义青年团第一次全国代表大会在北平召开,Event,OCCURRED_IN,北京,Location,,1949年4月11日-18日,https://www.dswxyjy.org.cn/GB/434461/434465/434737/index.html
两岸经贸论坛在北京举行,Event,OCCURRED_IN,北京,Location,,2006年4月14日至15日,https://www.dswxyjy.org.cn/GB/434461/434465/434740/index.html
毛泽东,Person,AUTHORED,对日战争宣言,Document,,1932年4月15日,https://www.dswxyjy.org.cn/GB/434461/434465/434741/index.html
毛泽东,Person,LED,毛泽东主持召开中共中央书记处会议，讨论国共关系和林伯渠去重庆谈判问题,Event,,1944年4月15日,https://www.dswxyjy.org.cn/GB/434461/434465/434741/index.html
朱德,Person,AUTHORED,革命军队管理的原则,Document,,1943年4月16日,https://www.dswxyjy.org.cn/GB/434461/434465/434742/index.html
习近平在重庆主持召开解决“两不愁三保障”突出问题座谈会,Event,OCCURRED_IN,重庆,Location,,2019年4月16日,https://www.dswxyjy.org.cn/GB/434461/434465/434742/index.html
人民解放军,Organization,LED,人民解放军发起大规模渡海战役，千帆竞发强渡琼州海峡，同国民党海军在海上展开激战,Event,,1950年4月16日,https://www.dswxyjy.org.cn/GB/434461/434465/434742/index.html
人民解放军,Organization,LED,人民解放军发起大规模渡海战役，强渡琼州海峡,Event,,1950年4月16日,https://www.dswxyjy.org.cn/GB/434461/434465/434742/index.html
朱德,Person,AUTHORED,第二次战争中的地方武装工作,Document,,1931年4月17日,https://www.dswxyjy.org.cn/GB/434461/434465/434743/index.html
朱德致信中共中央，建议成立农业银行,Event,FOUNDED,农业银行,Organization,,1953年4月18日,https://www.dswxyjy.org.cn/GB/434461/434465/434744/index.html
周恩来率中国代表团出席在印度尼西亚万隆举行的有29个国家参加的亚非会议,Event,OCCURRED_IN,印度,Location,,1955年4月18日-24日,https://www.dswxyjy.org.cn/GB/434461/434465/434744/index.html
习近平,Person,LED,习近平主持召开网络安全和信息化工作座谈会强调，网信事业要发展，必须贯彻以人民为中心的发展思想,Event,,2016年4月19日,https://www.dswxyjy.org.cn/GB/434461/434465/434745/index.html
中国共产党第六届中央委员会第七次全体会议,Meeting,PRODUCED,关于若干历史问题的决议,Document,,1945年4月20日,https://www.dswxyjy.org.cn/GB/434461/434465/434746/index.html
毛泽东,Person,AUTHORED,“七大”工作方针,Document,,1938年4月21日,https://www.dswxyjy.org.cn/GB/434461/434465/434747/index.html
周恩来,Person,AUTHORED,怎样做一个好的领导者,Document,,1943年4月22日,https://www.dswxyjy.org.cn/GB/434461/434465/434748/index.html
陆定一,Person,AUTHORED,在列宁的革命旗帜下团结起来,Document,,1960年4月22日,https://www.dswxyjy.org.cn/GB/434461/434465/434748/index.html
全国教育工作会议在北京举行，邓小平在会上讲话，要求提高教育质量，提高科学文化的教学水平,Event,OCCURRED_IN,北京,Location,,1978年4月22日-5月16日,https://www.dswxyjy.org.cn/GB/434461/434465/434748/index.html
全国“八六三”计划工作会议在北京召开,Event,OCCURRED_IN,北京,Location,,1991年4月22日-25日,https://www.dswxyjy.org.cn/GB/434461/434465/434748/index.html
毛泽东,Person,AUTHORED,论联合政府,Document,,1945年4月23日-6月11日,https://www.dswxyjy.org.cn/GB/434461/434465/434749/index.html
刘少奇,Person,AUTHORED,关于修改党的章程,Document,,1945年4月23日-6月11日,https://www.dswxyjy.org.cn/GB/434461/434465/434749/index.html
联合国制宪会议在旧金山召开,Event,OCCURRED_IN,旧金山,Location,,1945年4月25日-6月26日,https://www.dswxyjy.org.cn/GB/434461/434465/434751/index.html
第一届中国出口商品交易会在广州举行(简称“广交会”),Event,OCCURRED_IN,广州,Location,,1957年4月25日,https://www.dswxyjy.org.cn/GB/434461/434465/434751/index.html
海峡两岸关系协会会长陈云林与台湾海峡交流基金会董事长江丙坤在南京举行会谈,Event,OCCURRED_IN,南京,Location,,2009年4月26日,https://www.dswxyjy.org.cn/GB/434461/434465/434752/index.html
毛泽东,Person,AUTHORED,关于整风和党政主要干部参加劳动的指示,Document,,1957年4月27日,https://www.dswxyjy.org.cn/GB/434461/434465/434753/index.html
中国共产党第五次全国代表大会在武汉召开,Event,OCCURRED_IN,武汉,Location,,1927年4月27日,https://www.dswxyjy.org.cn/GB/434461/434465/434753/index.html
毛泽东在河北阜平城南庄主持召开中共中央书记处扩大会议(即城南庄会议),Event,OCCURRED_IN,河北,Location,,1945年4月30日,https://www.dswxyjy.org.cn/GB/434461/434465/434756/index.html
周恩来,Person,AUTHORED,我们的外交方针和任务,Document,,1952年4月30日,https://www.dswxyjy.org.cn/GB/434461/434465/434756/index.html
中共中央书记处在河北阜平县城南庄举行会议,Event,OCCURRED_IN,河北,Location,,1948年4月30日-5月7日,https://www.dswxyjy.org.cn/GB/434461/434465/434756/index.html
毛泽东,Person,AUTHORED,更宜注意的问题,Document,,1922年5月1日,https://www.dswxyjy.org.cn/GB/434461/434466/434696/index.html
毛泽东,Person,AUTHORED,五四运动,Document,,1939年5月1日,https://www.dswxyjy.org.cn/GB/434461/434466/434696/index.html
第二次全国劳动大会和广东省第一次农民代表大会在广州同时举行,Event,OCCURRED_IN,广州,Location,,1925年5月1日至9日,https://www.dswxyjy.org.cn/GB/434461/434466/434696/index.html
中共中央在延安召开有苏区、白区和红军代表参加的党的全国代表会议,Event,OCCURRED_IN,延安,Location,,1928年5月2日,https://www.dswxyjy.org.cn/GB/434461/434466/434697/index.html
毛泽东,Person,AUTHORED,为争取千百万群众进入抗日民族统一战线而斗争,Document,,1928年5月2日,https://www.dswxyjy.org.cn/GB/434461/434466/434697/index.html
中共中央在延安召开有苏区、白区和红军代表参加的党的全国代表会议(当时称苏区代表会议),Event,OCCURRED_IN,延安,Location,,1937年5月2日-14日,https://www.dswxyjy.org.cn/GB/434461/434466/434697/index.html
毛泽东,Person,AUTHORED,中国共产党在抗日时期的任务,Document,,1937年5月2日-14日,https://www.dswxyjy.org.cn/GB/434461/434466/434697/index.html
刘少奇,Person,AUTHORED,关于白区的党和群众工作,Document,,1937年5月2日-14日,https://www.dswxyjy.org.cn/GB/434461/434466/434697/index.html
中国工会第七次全国代表大会在北京举行,Event,OCCURRED_IN,北京,Location,,1953年5月2日-11日,https://www.dswxyjy.org.cn/GB/434461/434466/434697/index.html
江泽民出席在莫斯科举行的纪念反法西斯战争胜利五十周年庆典,Event,OCCURRED_IN,莫斯科,Location,,1978年5月7日,https://www.dswxyjy.org.cn/GB/434461/434466/434702/index.html
全国公安工作会议在北京召开，习近平出席会议并发表讲话,Event,OCCURRED_IN,北京,Location,,1978年5月7日,https://www.dswxyjy.org.cn/GB/434461/434466/434702/index.html
毛泽东,Person,AUTHORED,关于我党在反对第二次反共高潮斗争中的教训,Document,,1941年5月8日,https://www.dswxyjy.org.cn/GB/434461/434466/434703/index.html
中共中央执行委员会扩大会议在上海召开,Event,OCCURRED_IN,上海,Location,,1924年5月10日-15日,https://www.dswxyjy.org.cn/GB/434461/434466/434705/index.html
中国共产主义青年团第四次全国代表大会在武汉召开,Event,OCCURRED_IN,武汉,Location,,1927年5月10日-16日,https://www.dswxyjy.org.cn/GB/434461/434466/434705/index.html
中共中央决定，原中央西北工作委员会与陕甘宁边区中央局合并成立中共中央西北局,Event,FOUNDED,中国共产党,Organization,,1941年5月13日,https://www.dswxyjy.org.cn/GB/434461/434466/434708/index.html
国民党在广州召开二届二中全会,Event,OCCURRED_IN,广州,Location,,1926年5月15日-22日,https://www.dswxyjy.org.cn/GB/434461/434466/434710/index.html
首届亚洲文明对话大会在北京举行,Event,OCCURRED_IN,北京,Location,,2019年5月15日-22日,https://www.dswxyjy.org.cn/GB/434461/434466/434710/index.html
刘少奇追悼大会在北京隆重举行，邓小平致悼词,Event,OCCURRED_IN,北京,Location,,1980年5月17日,https://www.dswxyjy.org.cn/GB/434461/434466/434712/index.html
中共中央政治局召开常委会议，讨论建立红军大学问题,Event,FOUNDED,红军大学,Organization,,1936年5月20日,https://www.dswxyjy.org.cn/GB/434461/434466/434715/index.html
毛泽东,Person,LED,毛泽东主持召开中共湘赣边界第一次代表大会,Event,,1928年5月20日,https://www.dswxyjy.org.cn/GB/434461/434466/434715/index.html
中共中央在延安举行扩大的六届七中全会,Event,OCCURRED_IN,延安,Location,,1944年5月21日,https://www.dswxyjy.org.cn/GB/434461/434466/434716/index.html
亚洲相互协作与信任措施会议第四次峰会在上海举行,Event,OCCURRED_IN,上海,Location,,2014年5月21日,https://www.dswxyjy.org.cn/GB/434461/434466/434716/index.html
中共中央扩大的六届七中全会在延安杨家岭开幕,Event,OCCURRED_IN,延安,Location,,1944年5月21日,https://www.dswxyjy.org.cn/GB/434461/434466/434716/index.html
中共六届七中全会在延安召开,Event,OCCURRED_IN,延安,Location,,1944年5月21日,https://www.dswxyjy.org.cn/GB/434461/434466/434716/index.html
朱德,Person,AUTHORED,中国工农红军布告,Document,,1935年5月22日,https://www.dswxyjy.org.cn/GB/434461/434466/434717/index.html
习近平在上海召开外国专家座谈会时讲话指出，中国要永远做一个学习大国,Event,OCCURRED_IN,上海,Location,,2014年5月22日,https://www.dswxyjy.org.cn/GB/434461/434466/434717/index.html
中国科学技术协会第四次全国代表大会在北京举行,Event,OCCURRED_IN,北京,Location,,1991年5月23日-27日,https://www.dswxyjy.org.cn/GB/434461/434466/434718/index.html
毛泽东,Person,AUTHORED,关于揭破远东慕尼黑新阴谋,Document,,1941年5月25日,https://www.dswxyjy.org.cn/GB/434461/434466/434720/index.html
中央精神文明建设指导委员会在北京成立,Event,OCCURRED_IN,北京,Location,,1997年5月26日,https://www.dswxyjy.org.cn/GB/434461/434466/434721/index.html
毛泽东,Person,AUTHORED,抗日游击战争的战略问题,Document,,1938年5月30日,https://www.dswxyjy.org.cn/GB/434461/434466/434725/index.html
毛泽东在西北青年救国会举行的模范青年授奖大会上讲话,Event,OCCURRED_IN,西北,Location,,1939年5月30日,https://www.dswxyjy.org.cn/GB/434461/434466/434725/index.html
全国各界救国联合会在上海成立,Event,OCCURRED_IN,上海,Location,,1936年5月31日,https://www.dswxyjy.org.cn/GB/434461/434466/434726/index.html
毛泽东,Person,LED,毛泽东主持召开中共中央政治局会议，讨论通过由他起草的《中共中央关于领导方法的决定》,Event,,1943年6月1日,https://www.dswxyjy.org.cn/GB/434461/434467/434666/index.html
周恩来,Person,AUTHORED,军队中的政治工作,Document,,1925年6月2日,https://www.dswxyjy.org.cn/GB/434461/434467/434667/index.html
中国工程院在北京成立,Event,OCCURRED_IN,北京,Location,,1994年6月3日,https://www.dswxyjy.org.cn/GB/434461/434467/434668/index.html
毛泽东,Person,AUTHORED,中共中央关于城市工作的指示,Document,,1944年6月5日,https://www.dswxyjy.org.cn/GB/434461/434467/434670/index.html
中国共产党第六届中央委员会第七次全体会议,Meeting,PRODUCED,中共中央关于城市工作的指示,Document,,1944年6月5日,https://www.dswxyjy.org.cn/GB/434461/434467/434670/index.html
中共七届三中全会在北京召开,Event,OCCURRED_IN,北京,Location,,1950年6月6日,https://www.dswxyjy.org.cn/GB/434461/434467/434671/index.html
毛泽东,Person,AUTHORED,为争取国家财政经济状况的基本好转而斗争,Document,,1950年6月6日,https://www.dswxyjy.org.cn/GB/434461/434467/434671/index.html
全国农村税费改革试点工作会议在北京召开,Event,OCCURRED_IN,北京,Location,,2005年6月6日-7日,https://www.dswxyjy.org.cn/GB/434461/434467/434671/index.html
周恩来,Person,AUTHORED,论敌寇两面政策,Document,,1941年6月8日,https://www.dswxyjy.org.cn/GB/434461/434467/434673/index.html
中共中央政治局会议在上海召开,Event,OCCURRED_IN,上海,Location,,1930年6月11日,https://www.dswxyjy.org.cn/GB/434461/434467/434676/index.html
李立三,Person,AUTHORED,新的革命高潮与一省或几省的首先胜利,Document,,1930年6月11日,https://www.dswxyjy.org.cn/GB/434461/434467/434676/index.html
全国统战工作会议在北京召开,Event,OCCURRED_IN,北京,Location,,1990年6月11日-15日,https://www.dswxyjy.org.cn/GB/434461/434467/434676/index.html
江泽民,Person,AUTHORED,努力发展最广泛的爱国统一战线,Document,,1990年6月11日-15日,https://www.dswxyjy.org.cn/GB/434461/434467/434676/index.html
中共中央政治局在瓦窑堡召开会议，讨论两广事变(即西南事变)及整个形势发展的问题,Event,OCCURRED_IN,瓦窑堡,Location,,1936年6月12日,https://www.dswxyjy.org.cn/GB/434461/434467/434677/index.html
中共三大在广州召开,Event,OCCURRED_IN,广州,Location,,1923年6月12日至20日,https://www.dswxyjy.org.cn/GB/434461/434467/434677/index.html
全国政协一届二次会议在北京举行,Event,OCCURRED_IN,北京,Location,,1944年6月14日,https://www.dswxyjy.org.cn/GB/434461/434467/434679/index.html
刘少奇,Person,AUTHORED,关于土地改革问题的报告,Document,,1944年6月14日,https://www.dswxyjy.org.cn/GB/434461/434467/434679/index.html
毛泽东在北平召开的新政治协商会议筹备会议开幕典礼上讲话,Event,OCCURRED_IN,北京,Location,,1949年6月15日,https://www.dswxyjy.org.cn/GB/434461/434467/434680/index.html
江泽民在上海举行的上海合作组织成立大会上讲话,Event,OCCURRED_IN,上海,Location,,2001年6月15日,https://www.dswxyjy.org.cn/GB/434461/434467/434680/index.html
新政治协商会议筹备会首次会议在北平召开,Event,OCCURRED_IN,北京,Location,,1949年6月15日-19日,https://www.dswxyjy.org.cn/GB/434461/434467/434680/index.html
江泽民在西安主持召开西北地区国有企业改革和发展座谈会，在讲话中强调，要不失时机地实施西部大开发战略,Event,OCCURRED_IN,西安,Location,,1999年6月17日,https://www.dswxyjy.org.cn/GB/434461/434467/434682/index.html
习近平,Person,LED,习近平主持中非团结抗疫特别峰会并发表主旨讲话,Event,,2020年6月17日,https://www.dswxyjy.org.cn/GB/434461/434467/434682/index.html
江泽民在西安主持召开国有企业改革和发展座谈会时讲话指出，实施西部大开发，是一项振兴中华的宏伟战略任务,Event,OCCURRED_IN,西安,Location,,1999年6月17日,https://www.dswxyjy.org.cn/GB/434461/434467/434682/index.html
五届全国人大二次会议在北京举行,Event,OCCURRED_IN,北京,Location,,1979年6月18日至7月1日,https://www.dswxyjy.org.cn/GB/434461/434467/434683/index.html
毛泽东,Person,LED,毛泽东主持中共七届一中全会第一次会议,Event,,1945年6月19日,https://www.dswxyjy.org.cn/GB/434461/434467/434684/index.html
毛泽东,Person,LED,毛泽东主持召开中共七届一中全会第一次会议,Event,,1945年6月19日,https://www.dswxyjy.org.cn/GB/434461/434467/434684/index.html
毛泽东,Person,AUTHORED,关于反法西斯国际统一战线的决定,Document,,1941年6月22日,https://www.dswxyjy.org.cn/GB/434461/434467/434687/index.html
毛泽东,Person,AUTHORED,反对美国对蒋军事援助法案的声明,Document,,1946年6月22日,https://www.dswxyjy.org.cn/GB/434461/434467/434687/index.html
中共中央政治局在四川懋功两河口召开会议，讨论红一、红四方面军会师后的战略方针问题,Event,OCCURRED_IN,四川,Location,,1935年6月26日,https://www.dswxyjy.org.cn/GB/434461/434467/434691/index.html
中共中央政治局在四川懋功两河口召开会议,Event,OCCURRED_IN,四川,Location,,1935年6月26日,https://www.dswxyjy.org.cn/GB/434461/434467/434691/index.html
邓小平,Person,AUTHORED,关于建国以来党的若干历史问题的决议,Document,,1981年6月27日,https://www.dswxyjy.org.cn/GB/434461/434467/434692/index.html
中央思想政治工作会议在北京举行,Event,OCCURRED_IN,北京,Location,,2000年6月28日-29日,https://www.dswxyjy.org.cn/GB/434461/434467/434693/index.html
毛泽东出席在两河口召开的中共中央政治局常委会议,Event,OCCURRED_IN,两河口,Location,,1935年6月29日,https://www.dswxyjy.org.cn/GB/434461/434467/434694/index.html
毛泽东,Person,AUTHORED,中共中央为抗战六周年纪念宣言,Document,,1943年7月2日,https://www.dswxyjy.org.cn/GB/434461/434468/434636/index.html
第一次中华全国文学艺术工作者代表大会在北平开幕，19日闭幕,Event,OCCURRED_IN,北京,Location,,1949年7月2日,https://www.dswxyjy.org.cn/GB/434461/434468/434636/index.html
毛泽东,Person,AUTHORED,中国共产党中央委员会为抗战三周年纪念对时局宣言,Document,,1940年7月5日,https://www.dswxyjy.org.cn/GB/434461/434468/434639/index.html
王稼祥,Person,AUTHORED,中国共产党与中国民族解放的道路,Document,,1943年7月5日,https://www.dswxyjy.org.cn/GB/434461/434468/434639/index.html
董必武,Person,AUTHORED,我们对于国民参政会的意见,Document,,1938年7月5日,https://www.dswxyjy.org.cn/GB/434461/434468/434639/index.html
全国金融工作会议在北京举行,Event,OCCURRED_IN,北京,Location,,1993年7月5日-7日,https://www.dswxyjy.org.cn/GB/434461/434468/434639/index.html
朱德,Person,AUTHORED,八路军抗战二周年,Document,,1939年7月7日,https://www.dswxyjy.org.cn/GB/434461/434468/434641/index.html
毛泽东,Person,AUTHORED,关于学习和宣传中央“七七”宣言的通知,Document,,1946年7月8日,https://www.dswxyjy.org.cn/GB/434461/434468/434642/index.html
刘少奇,Person,AUTHORED,论共产党员的修养,Document,,1939年7月8日,https://www.dswxyjy.org.cn/GB/434461/434468/434642/index.html
邓小平,Person,LED,邓小平主持政务院第二百二十一次政务会议，在总结讲话中强调了培养干部的重要性,Event,,1954年7月9日,https://www.dswxyjy.org.cn/GB/434461/434468/434643/index.html
毛泽东,Person,AUTHORED,质问国民党,Document,,1943年7月12日,https://www.dswxyjy.org.cn/GB/434461/434468/434646/index.html
毛泽东,Person,AUTHORED,赫尔利政策的危险性,Document,,1945年7月12日,https://www.dswxyjy.org.cn/GB/434461/434468/434646/index.html
毛泽东,Person,LED,毛泽东主持召开中共中央政治局会议，再次讨论国民党准备进攻陕甘宁边区和中共的对策问题,Event,,1943年7月13日,https://www.dswxyjy.org.cn/GB/434461/434468/434647/index.html
周恩来,Person,AUTHORED,为中国工农红军北上抗日宣言,Document,,1934年7月15日,https://www.dswxyjy.org.cn/GB/434461/434468/434649/index.html
周恩来,Person,AUTHORED,中共中央为公布国共合作宣言,Document,,1937年7月15日,https://www.dswxyjy.org.cn/GB/434461/434468/434649/index.html
刘少奇,Person,AUTHORED,停止“强迫介绍”与救济失业工人,Document,,1933年7月15日,https://www.dswxyjy.org.cn/GB/434461/434468/434649/index.html
学习邓小平理论工作会议在北京召开,Event,OCCURRED_IN,北京,Location,,1998年7月17日-19日,https://www.dswxyjy.org.cn/GB/434461/434468/434651/index.html
中华全国合作社第一次代表大会在北京举行,Event,OCCURRED_IN,北京,Location,,1954年7月20日-25日,https://www.dswxyjy.org.cn/GB/434461/434468/434654/index.html
全国财政工作会议和全国税务工作会议在北京同时召开,Event,OCCURRED_IN,北京,Location,,1993年7月20日-23日,https://www.dswxyjy.org.cn/GB/434461/434468/434654/index.html
毛泽东在陕西靖边小河村召开的中共中央扩大会议上讲话,Event,OCCURRED_IN,陕西,Location,,1947年7月21日,https://www.dswxyjy.org.cn/GB/434461/434468/434655/index.html
首次“1+6”圆桌对话会在北京举行,Event,OCCURRED_IN,北京,Location,,2016年7月22日,https://www.dswxyjy.org.cn/GB/434461/434468/434656/index.html
毛泽东,Person,AUTHORED,反对日本进攻的方针、办法和前途,Document,,1937年7月23日,https://www.dswxyjy.org.cn/GB/434461/434468/434657/index.html
全国工会工作会议在北平举行,Event,OCCURRED_IN,北京,Location,,1949年7月23日至8月16日,https://www.dswxyjy.org.cn/GB/434461/434468/434657/index.html
全国城镇居民基本医疗保险试点工作会议在北京召开,Event,OCCURRED_IN,北京,Location,,2007年7月23日-24日,https://www.dswxyjy.org.cn/GB/434461/434468/434657/index.html
习近平,Person,LED,习近平主持召开中央全面深化改革委员会第九次会议强调，全面深化改革是我们党守初心、担使命的重要体现,Event,,2019年7月24日,https://www.dswxyjy.org.cn/GB/434461/434468/434658/index.html
中国体育代表团参加在美国洛杉矶举行的第23届奥运会，实现中国在奥运会金牌榜上“零”的突破,Event,OCCURRED_IN,美国,Location,,1984年7月28日-8月12日,https://www.dswxyjy.org.cn/GB/434461/434468/434662/index.html
我国第一个国家级农业示范区——杨凌农业高新技术产业示范区在陕西成立,Event,OCCURRED_IN,陕西,Location,,1997年7月29日,https://www.dswxyjy.org.cn/GB/434461/434468/434663/index.html
任弼时,Person,LED,任弼时主持中共湘赣省委作出的《粉碎帝国主义国民党新的第五次“围剿”前面党的紧急任务决议》,Event,,1933年7月29日,https://www.dswxyjy.org.cn/GB/434461/434468/434663/index.html
任弼时,Person,AUTHORED,粉碎帝国主义国民党新的第五次“围剿”前面党的紧急任务决议,Document,,1933年7月29日,https://www.dswxyjy.org.cn/GB/434461/434468/434663/index.html
毛泽东,Person,AUTHORED,关于调查研究的决定,Document,,1941年8月1日,https://www.dswxyjy.org.cn/GB/434461/434469/434604/index.html
全国第六次劳动大会在哈尔滨举行,Event,OCCURRED_IN,哈尔滨,Location,,1948年8月1日-22日,https://www.dswxyjy.org.cn/GB/434461/434469/434604/index.html
中共中央在北京召开全国劳动就业工作会议,Event,OCCURRED_IN,北京,Location,,1980年8月2日-7日,https://www.dswxyjy.org.cn/GB/434461/434469/434605/index.html
中共中央在汉口召开紧急会议(即八七会议),Event,OCCURRED_IN,汉口,Location,,1927年8月7日,https://www.dswxyjy.org.cn/GB/434461/434469/434610/index.html
中共中央在湖北汉口召开紧急会议(即八七会议),Event,OCCURRED_IN,湖北,Location,,1927年8月7日,https://www.dswxyjy.org.cn/GB/434461/434469/434610/index.html
毛泽东,Person,LED,毛泽东主持召开中共七届一中全会第二次会议，讨论时局问题,Event,,1945年8月9日,https://www.dswxyjy.org.cn/GB/434461/434469/434612/index.html
毛泽东,Person,AUTHORED,关于日本投降后我党任务的指示,Document,,1945年8月11日,https://www.dswxyjy.org.cn/GB/434461/434469/434614/index.html
周恩来,Person,AUTHORED,中国经济状况和五年建设的任务,Document,,1952年8月11日,https://www.dswxyjy.org.cn/GB/434461/434469/434614/index.html
中国共产党第十一次全国代表大会在北京举行,Event,OCCURRED_IN,北京,Location,,1947年8月12日,https://www.dswxyjy.org.cn/GB/434461/434469/434615/index.html
《中日和平友好条约》在北京签订,Event,OCCURRED_IN,北京,Location,,1978年8月12日,https://www.dswxyjy.org.cn/GB/434461/434469/434615/index.html
全国高等学校招生工作会议在北京召开,Event,OCCURRED_IN,北京,Location,,1977年8月13日至9月25日,https://www.dswxyjy.org.cn/GB/434461/434469/434616/index.html
中央军委党的建设会议在北京召开,Event,OCCURRED_IN,北京,Location,,2018年8月17日-19日,https://www.dswxyjy.org.cn/GB/434461/434469/434620/index.html
李大钊,Person,AUTHORED,再论问题与主义,Document,,1919年8月17日,https://www.dswxyjy.org.cn/GB/434461/434469/434620/index.html
习近平,Person,LED,习近平主持召开中央财经领导小组第七次会议，研究实施创新驱动发展战略,Event,,2014年8月18日,https://www.dswxyjy.org.cn/GB/434461/434469/434621/index.html
毛泽东,Person,AUTHORED,关于目前战略方针之补充决定,Document,,1935年8月20日,https://www.dswxyjy.org.cn/GB/434461/434469/434623/index.html
中国社会主义青年团第二次全国代表大会在南京召开,Event,OCCURRED_IN,南京,Location,,1923年8月20日至25日,https://www.dswxyjy.org.cn/GB/434461/434469/434623/index.html
中央外事工作会议在北京召开,Event,OCCURRED_IN,北京,Location,,2006年8月21日-23日,https://www.dswxyjy.org.cn/GB/434461/434469/434624/index.html
毛泽东,Person,LED,毛泽东主持召开中共中央政治局扩大会议，讨论同国民党进行谈判的问题,Event,,1945年8月23日,https://www.dswxyjy.org.cn/GB/434461/434469/434626/index.html
习近平,Person,LED,习近平主持召开中央全面依法治国委员会第一次会议,Event,,2018年8月24日,https://www.dswxyjy.org.cn/GB/434461/434469/434627/index.html
习近平,Person,LED,习近平主持召开经济社会领域专家座谈会,Event,,2020年8月24日,https://www.dswxyjy.org.cn/GB/434461/434469/434627/index.html
习近平,Person,LED,习近平主持召开中央全面依法治国委员会第一次会议时讲话指出，全面依法治国具有基础性、保障性作用,Event,,2018年8月24日,https://www.dswxyjy.org.cn/GB/434461/434469/434627/index.html
毛泽东,Person,AUTHORED,中国共产党致中国国民党书,Document,,1936年8月25日,https://www.dswxyjy.org.cn/GB/434461/434469/434628/index.html
毛泽东,Person,LED,毛泽东主持召开中共中央政治局会议，继续讨论去重庆谈判问题,Event,,1945年8月26日,https://www.dswxyjy.org.cn/GB/434461/434469/434629/index.html
中国共产党中央执行委员会在杭州西湖举行全体会议,Event,OCCURRED_IN,杭州,Location,,1922年8月29日至30日,https://www.dswxyjy.org.cn/GB/434461/434469/434632/index.html
毛泽东,Person,AUTHORED,国民革命与农民运动,Document,,1926年9月1日,https://www.dswxyjy.org.cn/GB/434461/434470/434574/index.html
习近平,Person,LED,习近平主持新兴市场国家与发展中国家对话会并发表讲话,Event,,2017年9月5日,https://www.dswxyjy.org.cn/GB/434461/434470/434578/index.html
毛泽东在瑞金召开的中央苏区南部十八县选举运动大会上作《今年的选举》的报告,Event,OCCURRED_IN,瑞金,Location,,1933年9月6日,https://www.dswxyjy.org.cn/GB/434461/434470/434579/index.html
中共中央在北京举行工作会议，着重讨论我国工业发展的方针，以及一九六四年国民经济计划、农村工作等问题,Event,OCCURRED_IN,北京,Location,,1933年9月6日,https://www.dswxyjy.org.cn/GB/434461/434470/434579/index.html
中共中央在北京举行工作会议，讨论农村工作、1964年国民经济计划等问题，并着重讨论工业发展的方针问题,Event,OCCURRED_IN,北京,Location,,1963年9月6日至27日,https://www.dswxyjy.org.cn/GB/434461/434470/434579/index.html
毛泽东,Person,AUTHORED,反对自由主义,Document,,1937年9月7日,https://www.dswxyjy.org.cn/GB/434461/434470/434580/index.html
毛泽东,Person,AUTHORED,一个极其重要的政策,Document,,1942年9月7日,https://www.dswxyjy.org.cn/GB/434461/434470/434580/index.html
毛泽东在西柏坡主持召开中共中央政治局扩大会议(即九月会议),Event,OCCURRED_IN,西柏坡,Location,,1944年9月8日,https://www.dswxyjy.org.cn/GB/434461/434470/434581/index.html
政协全国委员会第49次常务委员会扩大会议在北京举行,Event,OCCURRED_IN,北京,Location,,1953年9月8日至11日,https://www.dswxyjy.org.cn/GB/434461/434470/434581/index.html
周恩来,Person,AUTHORED,过渡时期的总路线,Document,,1953年9月8日至11日,https://www.dswxyjy.org.cn/GB/434461/434470/434581/index.html
中国妇女第四次全国代表大会在北京举行,Event,OCCURRED_IN,北京,Location,,1978年9月8日至17日,https://www.dswxyjy.org.cn/GB/434461/434470/434581/index.html
习近平,Person,LED,习近平主持召开科学家座谈会并发表讲话,Event,,2020年9月11日,https://www.dswxyjy.org.cn/GB/434461/434470/434584/index.html
毛泽东,Person,AUTHORED,六评白皮书,Document,,1949年9月16日,https://www.dswxyjy.org.cn/GB/434461/434470/434589/index.html
周恩来,Person,AUTHORED,关于发展国民经济的第二个五年计划的建议的报告,Document,,1949年9月16日,https://www.dswxyjy.org.cn/GB/434461/434470/434589/index.html
邓小平,Person,AUTHORED,关于修改党的章程的报告,Document,,1949年9月16日,https://www.dswxyjy.org.cn/GB/434461/434470/434589/index.html
在周恩来主持下，觉悟社在天津学生联合会办公室召开成立大会,Event,OCCURRED_IN,天津,Location,,1919年9月16日,https://www.dswxyjy.org.cn/GB/434461/434470/434589/index.html
周恩来,Person,LED,周恩来主持新政协筹备会第二次全体会议,Event,,1949年9月17日,https://www.dswxyjy.org.cn/GB/434461/434470/434590/index.html
陈云,Person,AUTHORED,关于资本主义工商业改造高潮以后的新问题,Document,,1956年9月20日,https://www.dswxyjy.org.cn/GB/434461/434470/434593/index.html
刘少奇,Person,AUTHORED,加强全国人民的革命大团结,Document,,1949年9月21日,https://www.dswxyjy.org.cn/GB/434461/434470/434594/index.html
毛泽东,Person,AUTHORED,时局与边区问题,Document,,1940年9月23日,https://www.dswxyjy.org.cn/GB/434461/434470/434596/index.html
中国文学艺术工作者第二次代表大会在北京召开,Event,OCCURRED_IN,北京,Location,,1953年9月23日至10月6日,https://www.dswxyjy.org.cn/GB/434461/434470/434596/index.html
全国战斗英雄代表会议和全国工农兵劳动模范会议在北京召开,Event,OCCURRED_IN,北京,Location,,1950年9月25日,https://www.dswxyjy.org.cn/GB/434461/434470/434598/index.html
毛泽东,Person,AUTHORED,国共两党统一战线成立后中国革命的迫切任务,Document,,1937年9月29日,https://www.dswxyjy.org.cn/GB/434461/434470/434602/index.html
周恩来在上海主持召开中共中央军委扩大会议，作目前红军的中心任务及其几个根本问题的报告,Event,OCCURRED_IN,上海,Location,,1930年9月30日,https://www.dswxyjy.org.cn/GB/434461/434470/434603/index.html
毛泽东,Person,AUTHORED,中国人民政治协商会议宣言,Document,,1949年9月30日,https://www.dswxyjy.org.cn/GB/434461/434470/434603/index.html
毛泽东,Person,PARTICIPATED_IN,中国人民政治协商会议第一届全体会议,Meeting,,1949年9月30日,https://www.dswxyjy.org.cn/GB/434461/434470/434603/index.html
毛泽东,Person,HELD_POSITION,中华人民共和国中央人民政府,Organization,主席,1949年9月30日,https://www.dswxyjy.org.cn/GB/434461/434470/434603/index.html
习近平,Person,AUTHORED,携手建设中国—东盟命运共同体,Document,,1982年10月3日,https://www.dswxyjy.org.cn/GB/434461/434471/434545/index.html
彭德怀,Person,AUTHORED,告台湾同胞书,Document,,1958年10月6日,https://www.dswxyjy.org.cn/GB/434461/434471/434548/index.html
彭德怀,Person,AUTHORED,再告台湾同胞书,Document,,1958年10月6日,https://www.dswxyjy.org.cn/GB/434461/434471/434548/index.html
彭德怀,Person,AUTHORED,三告台湾同胞书,Document,,1958年10月6日,https://www.dswxyjy.org.cn/GB/434461/434471/434548/index.html
红一方面军接应部队与红四方面军在甘肃会宁会师,Event,OCCURRED_IN,甘肃,Location,,1936年10月9日,https://www.dswxyjy.org.cn/GB/434461/434471/434551/index.html
毛泽东,Person,AUTHORED,关于目前形势与党的任务的决定,Document,,1939年10月10日,https://www.dswxyjy.org.cn/GB/434461/434471/434552/index.html
毛泽东,Person,AUTHORED,历史教训,Document,,1942年10月14日,https://www.dswxyjy.org.cn/GB/434461/434471/434556/index.html
刘少奇,Person,AUTHORED,抗日游击战争中各种基本政策问题,Document,,1937年10月16日,https://www.dswxyjy.org.cn/GB/434461/434471/434558/index.html
胡锦涛,Person,PARTICIPATED_IN,中国共产党第十七次全国代表大会,Meeting,,2007年10月16日,https://www.dswxyjy.org.cn/GB/434461/434471/434558/index.html
习近平,Person,PARTICIPATED_IN,中国共产党第十九次全国代表大会,Meeting,,2017年10月19日,https://www.dswxyjy.org.cn/GB/434461/434471/434561/index.html
亚太经合组织第九次领导人非正式会议在上海举行,Event,OCCURRED_IN,上海,Location,,2001年10月21日,https://www.dswxyjy.org.cn/GB/434461/434471/434563/index.html
周恩来,Person,LED,周恩来主持召开中央人民政府政务院第一次会议,Event,,1949年10月21日,https://www.dswxyjy.org.cn/GB/434461/434471/434563/index.html
中共中央政治局在陕北吴起镇召开会议,Event,OCCURRED_IN,陕北,Location,,1935年10月22日,https://www.dswxyjy.org.cn/GB/434461/434471/434564/index.html
红一、红二方面军在甘肃隆德将台堡(今属宁夏西吉)会师,Event,OCCURRED_IN,甘肃,Location,,1936年10月22日,https://www.dswxyjy.org.cn/GB/434461/434471/434564/index.html
世界上最长的跨海大桥——港珠澳大桥开通仪式在广东省珠海市举行,Event,OCCURRED_IN,广东省,Location,,2018年10月23日,https://www.dswxyjy.org.cn/GB/434461/434471/434565/index.html
朱德,Person,AUTHORED,中革军委给各作战地域指挥部的密令,Document,,1932年10月26日,https://www.dswxyjy.org.cn/GB/434461/434471/434568/index.html
全军政治工作会议在古田召开,Event,OCCURRED_IN,古田,Location,,2014年10月30日,https://www.dswxyjy.org.cn/GB/434461/434471/434572/index.html
全军政治工作会议在福建古田举行,Event,OCCURRED_IN,福建,Location,,2014年10月30日-11月2日,https://www.dswxyjy.org.cn/GB/434461/434471/434572/index.html
刘少奇,Person,AUTHORED,论党员在组织上和纪律上的修养,Document,,1940年11月4日,https://www.dswxyjy.org.cn/GB/434461/434472/434481/index.html
刘少奇,Person,LED,刘少奇主持中央苏区农业工会十二县查田大会，并作总结报告,Event,,1933年11月5日,https://www.dswxyjy.org.cn/GB/434461/434472/434482/index.html
习近平,Person,LED,习近平主持召开中央财经领导小组第十一次会议，研究经济结构性改革和城市工作,Event,,2015年11月10日,https://www.dswxyjy.org.cn/GB/434461/434472/434487/index.html
亚太经合组织第二十二次领导人非正式会议在北京举行,Event,OCCURRED_IN,北京,Location,,2014年11月11日,https://www.dswxyjy.org.cn/GB/434461/434472/434488/index.html
亚太经合组织第22次领导人非正式会议在北京举行,Event,OCCURRED_IN,北京,Location,,2014年11月11日,https://www.dswxyjy.org.cn/GB/434461/434472/434488/index.html
毛泽东,Person,LED,毛泽东主持召开中共中央政治局扩大会议，讨论最近的时局和今后若干工作方针,Event,,1945年11月12日,https://www.dswxyjy.org.cn/GB/434461/434472/434489/index.html
毛泽东,Person,AUTHORED,纪念孙中山先生,Document,,1956年11月12日,https://www.dswxyjy.org.cn/GB/434461/434472/434489/index.html
毛泽东,Person,AUTHORED,中国军事形势的重大变化,Document,,1948年11月14日,https://www.dswxyjy.org.cn/GB/434461/434472/434491/index.html
亚洲澳洲工会代表会议在北京举行,Event,OCCURRED_IN,北京,Location,,1949年11月16日至12月1日,https://www.dswxyjy.org.cn/GB/434461/434472/434493/index.html
中共中央作出《关于成立国家计划委员会及干部配备方案的决定》,Event,FOUNDED,国家计划委员会,Organization,,1952年11月16日,https://www.dswxyjy.org.cn/GB/434461/434472/434493/index.html
首届世界互联网大会在浙江乌镇举行,Event,OCCURRED_IN,浙江,Location,,2014年11月19日-21日,https://www.dswxyjy.org.cn/GB/434461/434472/434496/index.html
江泽民出席在美国西雅图举行的亚太经合组织第一次领导人非正式会议并发表讲话,Event,OCCURRED_IN,美国,Location,,1993年11月20日,https://www.dswxyjy.org.cn/GB/434461/434472/434497/index.html
斯大林,Person,AUTHORED,论中国革命前途,Document,,1926年11月22日至12月16日,https://www.dswxyjy.org.cn/GB/434461/434472/434499/index.html
陕甘宁边区政府在延安召开劳动英雄代表大会，同时举办了生产展览会,Event,OCCURRED_IN,延安,Location,,1943年11月26日,https://www.dswxyjy.org.cn/GB/434461/434472/434503/index.html
毛泽东,Person,AUTHORED,组织起来,Document,,1943年11月26日,https://www.dswxyjy.org.cn/GB/434461/434472/434503/index.html
朱德,Person,AUTHORED,抗日救国宣言,Document,,1935年11月28日,https://www.dswxyjy.org.cn/GB/434461/434472/434505/index.html
毛泽东,Person,LED,毛泽东主持政协第一届全国委员会常委会第二次会议并讲话,Event,,1949年11月29日,https://www.dswxyjy.org.cn/GB/434461/434472/434506/index.html
毛泽东,Person,AUTHORED,直罗战役同目前的形势与任务,Document,,1935年11月30日,https://www.dswxyjy.org.cn/GB/434461/434472/434507/index.html
五届全国人大四次会议在北京召开,Event,OCCURRED_IN,北京,Location,,1981年11月30日至12月13日,https://www.dswxyjy.org.cn/GB/434461/434472/434507/index.html
毛泽东,Person,AUTHORED,关于帝国主义和一切反动派是不是真老虎的问题,Document,,1925年12月1日,https://www.dswxyjy.org.cn/GB/434461/434473/434979/index.html
毛泽东,Person,LED,毛泽东主持召开中共中央政治局会议并讲话,Event,,1949年12月4日,https://www.dswxyjy.org.cn/GB/434461/434473/434982/index.html
毛泽东,Person,AUTHORED,〈政治周报〉发刊理由,Document,,1925年12月5日,https://www.dswxyjy.org.cn/GB/434461/434473/434983/index.html
中国共产党,Organization,LED,中国共产党领导北平学生掀起声势浩大的抗日救亡运动，并迅速波及全国，形成抗日救国的新高潮,Event,,1935年12月9日,https://www.dswxyjy.org.cn/GB/434461/434473/434987/index.html
朱德,Person,AUTHORED,关于西安事变致国民党、国民政府电,Document,,1936年12月15日,https://www.dswxyjy.org.cn/GB/434461/434473/434993/index.html
毛泽东,Person,AUTHORED,毛泽东选集,Document,,1945年12月15日,https://www.dswxyjy.org.cn/GB/434461/434473/434993/index.html
中共中央政治局在陕北瓦窑堡召开扩大会议，确定抗日民族统一战线的策略方针,Event,OCCURRED_IN,陕北,Location,,1935年12月17日-25日,https://www.dswxyjy.org.cn/GB/434461/434473/434995/index.html
毛泽东,Person,AUTHORED,学习白求恩,Document,,1939年12月21日,https://www.dswxyjy.org.cn/GB/434461/434473/434999/index.html
全国城镇企业职工养老保险制度改革试点工作会议在北京举行,Event,OCCURRED_IN,北京,Location,,1994年12月27日,https://www.dswxyjy.org.cn/GB/434461/434473/435005/index.html
